Eval set: 64 samples (24 synthetic + 40 cached server) — persistent: ./checkpoints/eval_set_lm.json
FIM eval set: 32 samples — persistent: ./checkpoints/eval_set_fim.json
  skipped micro-step: loss 8.33 (per-token threshold 5.0)
  skipped micro-step: loss 7.95 (per-token threshold 5.0)
  window(n=10): sup 18907 +/- 4862 [12963..26247] tok/step | loss 1.135 +/- 0.332 | skipped 2
step 213510 | loss 1.2953 | ppl 3.7 | acc 0.768 | lr 8.32e-05 | grad_norm 3.31 | 666 tok/s | sup 19322 tok/step | ema_loss 1.5164 | ema_ppl 4.6 | ema_acc 0.720 | ema_grad 3.58
  eval @ step 213511: loss 1.2725 | ppl 3.6
  fim eval @ step 213511: loss 1.1794 | ppl 3.3
  fim gen eval @ step 213511: top1_tf 0.272 | prefix_acc 0.123 | exact@32 0.03 | first-line 0.22 | edit-sim 0.269
  window(n=10): sup 17052 +/- 4818 [12188..25122] tok/step | loss 1.124 +/- 0.288 | skipped 0
step 213520 | loss 1.6217 | ppl 5.1 | acc 0.671 | lr 8.32e-05 | grad_norm 2.34 | 407 tok/s | sup 12531 tok/step | ema_loss 1.4787 | ema_ppl 4.5 | ema_acc 0.724 | ema_grad 3.44
  skipped micro-step: loss 8.00 (per-token threshold 5.0)
  skipped micro-step: loss 9.66 (per-token threshold 5.0)
  skipped micro-step: loss 9.19 (per-token threshold 5.0)
  skipped micro-step: loss 9.20 (per-token threshold 5.0)
  window(n=10): sup 14316 +/- 3214 [10067..21856] tok/step | loss 1.167 +/- 0.143 | skipped 4
step 213530 | loss 1.1506 | ppl 3.2 | acc 0.754 | lr 8.32e-05 | grad_norm 1.44 | 1458 tok/s | sup 13560 tok/step | ema_loss 1.4490 | ema_ppl 4.4 | ema_acc 0.727 | ema_grad 3.33
  skipped micro-step: loss 9.20 (per-token threshold 5.0)
  skipped micro-step: loss 10.13 (per-token threshold 5.0)
  skipped micro-step: loss 9.01 (per-token threshold 5.0)
  skipped micro-step: loss 9.54 (per-token threshold 5.0)
  window(n=10): sup 18101 +/- 4644 [13662..26324] tok/step | loss 0.845 +/- 0.332 | skipped 4
step 213540 | loss 1.1581 | ppl 3.2 | acc 0.788 | lr 8.32e-05 | grad_norm 2.30 | 496 tok/s | sup 14108 tok/step | ema_loss 1.3910 | ema_ppl 4.2 | ema_acc 0.737 | ema_grad 3.18
  skipped micro-step: loss 9.41 (per-token threshold 5.0)
  skipped micro-step: loss 8.57 (per-token threshold 5.0)
  window(n=10): sup 9860 +/- 2537 [6450..13621] tok/step | loss 1.270 +/- 0.209 | skipped 2
step 213550 | loss 1.1881 | ppl 3.3 | acc 0.751 | lr 8.32e-05 | grad_norm 0.95 | 1043 tok/s | sup 6450 tok/step | ema_loss 1.3796 | ema_ppl 4.1 | ema_acc 0.737 | ema_grad 3.05
  skipped micro-step: loss 8.98 (per-token threshold 5.0)
  window(n=10): sup 18885 +/- 5536 [12376..29287] tok/step | loss 0.737 +/- 0.220 | skipped 1
step 213560 | loss 0.9056 | ppl 2.5 | acc 0.813 | lr 8.32e-05 | grad_norm 1.25 | 983 tok/s | sup 14017 tok/step | ema_loss 1.3180 | ema_ppl 3.9 | ema_acc 0.748 | ema_grad 2.94
  skipped micro-step: loss 8.56 (per-token threshold 5.0)
  skipped micro-step: loss 9.22 (per-token threshold 5.0)
  skipped micro-step: loss 8.79 (per-token threshold 5.0)
  skipped micro-step: loss 9.58 (per-token threshold 5.0)
  window(n=10): sup 11374 +/- 5481 [5931..23369] tok/step | loss 1.226 +/- 0.287 | skipped 4
step 213570 | loss 0.9155 | ppl 2.5 | acc 0.801 | lr 8.32e-05 | grad_norm 1.52 | 689 tok/s | sup 16736 tok/step | ema_loss 1.3090 | ema_ppl 3.9 | ema_acc 0.748 | ema_grad 2.77
  skipped micro-step: loss 9.72 (per-token threshold 5.0)
  skipped micro-step: loss 8.28 (per-token threshold 5.0)
  skipped micro-step: loss 10.14 (per-token threshold 5.0)
  window(n=10): sup 11317 +/- 3702 [5087..16741] tok/step | loss 1.216 +/- 0.151 | skipped 3
step 213580 | loss 1.1167 | ppl 3.1 | acc 0.766 | lr 8.32e-05 | grad_norm 0.89 | 1416 tok/s | sup 8186 tok/step | ema_loss 1.3002 | ema_ppl 3.8 | ema_acc 0.748 | ema_grad 2.62
  window(n=10): sup 14786 +/- 5589 [7931..24205] tok/step | loss 1.335 +/- 0.629 | skipped 0
step 213590 | loss 0.9365 | ppl 2.6 | acc 0.810 | lr 8.32e-05 | grad_norm 1.06 | 725 tok/s | sup 12002 tok/step | ema_loss 1.3038 | ema_ppl 4.0 | ema_acc 0.747 | ema_grad 2.57
  skipped micro-step: loss 9.18 (per-token threshold 5.0)
  skipped micro-step: loss 7.99 (per-token threshold 5.0)
  skipped micro-step: loss 8.47 (per-token threshold 5.0)
  skipped micro-step: loss 9.12 (per-token threshold 5.0)
  window(n=10): sup 10303 +/- 3618 [6367..17630] tok/step | loss 1.356 +/- 0.166 | skipped 4
step 213600 | loss 1.4545 | ppl 4.3 | acc 0.697 | lr 8.32e-05 | grad_norm 2.00 | 1358 tok/s | sup 17630 tok/step | ema_loss 1.3087 | ema_ppl 4.0 | ema_acc 0.745 | ema_grad 2.44
  skipped micro-step: loss 8.24 (per-token threshold 5.0)
  window(n=10): sup 17251 +/- 3630 [12281..23853] tok/step | loss 0.967 +/- 0.390 | skipped 1
step 213610 | loss 0.6771 | ppl 2.0 | acc 0.866 | lr 8.32e-05 | grad_norm 1.44 | 743 tok/s | sup 22435 tok/step | ema_loss 1.2761 | ema_ppl 3.9 | ema_acc 0.751 | ema_grad 2.36
  skipped micro-step: loss 7.89 (per-token threshold 5.0)
  skipped micro-step: loss 9.28 (per-token threshold 5.0)
  window(n=10): sup 10491 +/- 3255 [6519..16345] tok/step | loss 1.064 +/- 0.206 | skipped 2
step 213620 | loss 1.2434 | ppl 3.5 | acc 0.733 | lr 8.32e-05 | grad_norm 0.98 | 1309 tok/s | sup 8845 tok/step | ema_loss 1.2564 | ema_ppl 3.8 | ema_acc 0.753 | ema_grad 2.23
saved checkpoint: ./checkpoints/step_big_fim_213625.pt (model only)
===== step 213625 | FIM checkpoint sample =====
-- context --
(none)
-- <fim_prefix> --
<lang>typescript</lang>import { IDefinedCommandHandler } from "../../common/comm
and/defined";

const DefinedCommanderHandlers: IDefinedCommandHandler[] = [
  {
    channel: { topic: "account", type: "create" },

-- <fim_suffix> --
<lang>typescript</lang> },
];

export default DefinedCommanderHandlers;

-- <fim_middle> | model output --
   defaults: {
      message: {
        type: "create"
      }
    }

-- final code (prefix + generated + suffix) --
<lang>typescript</lang>import { IDefinedCommandHandler } from "../../common/comm
and/defined";

const DefinedCommanderHandlers: IDefinedCommandHandler[] = [
  {
    channel: { topic: "account", type: "create" },
   defaults: {
      message: {
        type: "create"
      }
    }
<lang>typescript</lang> },
];

export default DefinedCommanderHandlers;

============================================================================

removed old checkpoint: step_big_fim_213500.pt
  eval @ step 213625: loss 1.2724 | ppl 3.6
  fim eval @ step 213625: loss 1.1790 | ppl 3.3
  fim gen eval @ step 213625: top1_tf 0.273 | prefix_acc 0.152 | exact@32 0.06 | first-line 0.22 | edit-sim 0.304
  skipped micro-step: loss 9.16 (per-token threshold 5.0)
  skipped micro-step: loss 8.43 (per-token threshold 5.0)
  window(n=10): sup 16516 +/- 5263 [12182..28376] tok/step | loss 1.129 +/- 0.219 | skipped 2
step 213630 | loss 1.2296 | ppl 3.4 | acc 0.751 | lr 8.32e-05 | grad_norm 1.27 | 963 tok/s | sup 13239 tok/step | ema_loss 1.2442 | ema_ppl 3.7 | ema_acc 0.755 | ema_grad 2.20
  skipped micro-step: loss 8.67 (per-token threshold 5.0)
  skipped micro-step: loss 8.39 (per-token threshold 5.0)
  window(n=10): sup 12153 +/- 4705 [6139..23301] tok/step | loss 1.280 +/- 0.122 | skipped 2
step 213640 | loss 1.1464 | ppl 3.1 | acc 0.778 | lr 8.32e-05 | grad_norm 1.69 | 1047 tok/s | sup 15712 tok/step | ema_loss 1.2477 | ema_ppl 3.7 | ema_acc 0.754 | ema_grad 2.12
  window(n=10): sup 12964 +/- 2706 [8776..17268] tok/step | loss 1.381 +/- 0.349 | skipped 0
step 213650 | loss 1.2024 | ppl 3.3 | acc 0.748 | lr 8.32e-05 | grad_norm 0.96 | 1201 tok/s | sup 8830 tok/step | ema_loss 1.2602 | ema_ppl 3.8 | ema_acc 0.750 | ema_grad 2.08
  skipped micro-step: loss 8.58 (per-token threshold 5.0)
  window(n=10): sup 15844 +/- 4571 [8120..19687] tok/step | loss 1.250 +/- 0.279 | skipped 1
step 213660 | loss 0.7977 | ppl 2.2 | acc 0.850 | lr 8.32e-05 | grad_norm 1.55 | 1324 tok/s | sup 19117 tok/step | ema_loss 1.2591 | ema_ppl 3.8 | ema_acc 0.751 | ema_grad 2.07
  window(n=10): sup 18610 +/- 5064 [13000..30290] tok/step | loss 1.469 +/- 0.569 | skipped 0
step 213670 | loss 1.6690 | ppl 5.3 | acc 0.688 | lr 8.32e-05 | grad_norm 2.25 | 765 tok/s | sup 21547 tok/step | ema_loss 1.2798 | ema_ppl 3.9 | ema_acc 0.748 | ema_grad 2.14
  skipped micro-step: loss 8.62 (per-token threshold 5.0)
  window(n=10): sup 10841 +/- 4470 [7074..22790] tok/step | loss 1.328 +/- 0.309 | skipped 1
step 213680 | loss 1.0253 | ppl 2.8 | acc 0.810 | lr 8.32e-05 | grad_norm 2.70 | 840 tok/s | sup 22790 tok/step | ema_loss 1.2840 | ema_ppl 3.9 | ema_acc 0.746 | ema_grad 2.05
  window(n=10): sup 17536 +/- 4312 [12031..27340] tok/step | loss 1.101 +/- 0.223 | skipped 0
step 213690 | loss 0.8580 | ppl 2.4 | acc 0.804 | lr 8.32e-05 | grad_norm 3.47 | 1179 tok/s | sup 18048 tok/step | ema_loss 1.2663 | ema_ppl 3.8 | ema_acc 0.749 | ema_grad 2.13
  skipped micro-step: loss 8.91 (per-token threshold 5.0)
  window(n=10): sup 21111 +/- 4775 [17290..30522] tok/step | loss 0.990 +/- 0.101 | skipped 1
step 213700 | loss 1.1025 | ppl 3.0 | acc 0.769 | lr 8.32e-05 | grad_norm 4.38 | 735 tok/s | sup 21993 tok/step | ema_loss 1.2399 | ema_ppl 3.7 | ema_acc 0.753 | ema_grad 2.31
  skipped micro-step: loss 9.15 (per-token threshold 5.0)
  skipped micro-step: loss 9.03 (per-token threshold 5.0)
  window(n=10): sup 13242 +/- 5153 [7931..22545] tok/step | loss 1.185 +/- 0.283 | skipped 2
step 213710 | loss 0.6759 | ppl 2.0 | acc 0.848 | lr 8.32e-05 | grad_norm 1.68 | 524 tok/s | sup 16882 tok/step | ema_loss 1.2347 | ema_ppl 3.7 | ema_acc 0.753 | ema_grad 2.24
  skipped micro-step: loss 9.12 (per-token threshold 5.0)
  window(n=10): sup 16274 +/- 4861 [8815..24441] tok/step | loss 1.088 +/- 0.138 | skipped 1
step 213720 | loss 1.1253 | ppl 3.1 | acc 0.754 | lr 8.32e-05 | grad_norm 0.98 | 955 tok/s | sup 8815 tok/step | ema_loss 1.2206 | ema_ppl 3.6 | ema_acc 0.755 | ema_grad 2.21
  skipped micro-step: loss 7.97 (per-token threshold 5.0)
  window(n=10): sup 12427 +/- 5044 [7535..21862] tok/step | loss 1.173 +/- 0.234 | skipped 1
step 213730 | loss 0.8006 | ppl 2.2 | acc 0.839 | lr 8.32e-05 | grad_norm 1.66 | 849 tok/s | sup 12493 tok/step | ema_loss 1.2157 | ema_ppl 3.6 | ema_acc 0.755 | ema_grad 2.21
  skipped micro-step: loss 8.49 (per-token threshold 5.0)
  skipped micro-step: loss 7.58 (per-token threshold 5.0)
  skipped micro-step: loss 7.61 (per-token threshold 5.0)
  skipped micro-step: loss 8.30 (per-token threshold 5.0)
  skipped micro-step: loss 9.43 (per-token threshold 5.0)
  skipped micro-step: loss 8.45 (per-token threshold 5.0)
  skipped micro-step: loss 7.94 (per-token threshold 5.0)
  window(n=10): sup 16337 +/- 4488 [12226..24719] tok/step | loss 1.131 +/- 0.217 | skipped 7
step 213740 | loss 1.2827 | ppl 3.6 | acc 0.736 | lr 8.32e-05 | grad_norm 1.27 | 1586 tok/s | sup 12226 tok/step | ema_loss 1.2072 | ema_ppl 3.5 | ema_acc 0.757 | ema_grad 2.17
  skipped micro-step: loss 8.12 (per-token threshold 5.0)
  skipped micro-step: loss 8.31 (per-token threshold 5.0)
  window(n=10): sup 10637 +/- 3049 [4678..14008] tok/step | loss 1.249 +/- 0.198 | skipped 2
step 213750 | loss 1.1511 | ppl 3.2 | acc 0.758 | lr 8.32e-05 | grad_norm 1.31 | 448 tok/s | sup 13406 tok/step | ema_loss 1.2111 | ema_ppl 3.6 | ema_acc 0.756 | ema_grad 2.08
saved checkpoint: ./checkpoints/step_big_fim_213750.pt (model only)
===== step 213750 | FIM checkpoint sample =====
-- context --
(none)
-- <fim_prefix> --
[...] ,PDO::PARAM_STR);
$stmt->execute();
$resultss=$stmt->fetchAll(PDO::FETCH_OBJ);
$cnt=1;
if($stmt->rowCount() > 0)
{
foreach($resultss as $row)
{   ?>
<p><b>Nom et prénom :</b> <?php echo htmlentities($row->StudentName);?></p>
<p><b>CNE :</b> <?php echo htmlentities($row->RollId);?>
<p><b>Niveau:</b> <?php echo htmlentities($row->ClassName);?> <?php echo htmlent
ities($row->Section);?> (Bac+<?php echo htmlentities($row->ClassNameNumeric);?>)
<?php }

    ?>
                                            </div>
                                            <div class="panel-body p-20">

-- <fim_suffix> --
<lang>php</lang>$query->bindParam(':rollid',$rollid,PDO::PARAM_STR);
$query->bindParam(':classid',$classid,PDO::PARAM_STR);
$query->bindParam(':pass',$pass,PDO::PARAM_STR);
$query-> execute();
$results = $query -> fetchAll(PDO::FETCH_OBJ);
$cnt=1;
if($countrow=$query->rowCount()>0)
{
foreach($results as $result){

    ?>

                                                		<tr>
<th scope="row" style="text-align: center"><?php echo htmlentities($cnt);?></th>
<td style="text-align: center"><?php echo htmlentities($result->SubjectName);?><
/td>
<td style="text-align: center"><?php ech [...]
-- <fim_middle> | model output --
							<?php
							//iver que vous n'y a paslanguage
							$query=$query -> fetchAll(PDO::FETCH_OBJ);
							$result=$stmt -> fetchAll(PDO::FETCH_OBJ);
							$cnt=1;
							if($countrow=$query -> fetchCount(PDO::FETCH_OBJ)

-- final code (prefix + generated + suffix) --
[...]
le">
                                                    <h3 align="center">Détails d
u résultat</h3>
                                                    <hr />
<?php
// code Student Data
$rollid=$_POST['rollid'];
$classid=$_POST['class'];
$pass=$_POST['pass'];
$_SESSION['rollid']=$rollid;
$_SESSION['classid']=$classid;
$_SESSION['pass']=$pass;
$qery = "SELECT   tblstudents.StudentName,tblstudents.RollId,tblstudents.RegDate
,tblstudents.StudentId,tblstudents.Status,tblstudents.Pass,tblclasses.ClassNameN
umeric,tblclasses.ClassName,tblclasses.Section from tblstudents join tblclasses
on tblclasses.id=tblstudents.ClassId where tblstudents.RollId=:rollid and tblstu
dents.Pass=:pass and tblstudents.ClassId=:classid ";
$stmt = $dbh->prepare($qery);
$stmt->bindParam(':rollid',$rollid,PDO::PARAM_STR);
$stmt->bindParam(':classid',$classid,PDO::PARAM_STR);
$stmt->bindParam(':pass',$pass,PDO::PARAM_STR);
$stmt->execute();
$resultss=$stmt->fetchAll(PDO::FETCH_OBJ);
$cnt=1;
if($stmt->rowCount() > 0)
{
foreach($resultss as $row)
{   ?>
<p><b>Nom et prénom :</b> <?php echo htmlentities($row->StudentName);?></p>
<p><b>CNE :</b> <?php echo htmlentities($row->RollId);?>
<p><b>Niveau:</b> <?php echo htmlentities($row->ClassName);?> <?php echo htmlent
ities($row->Section);?> (Bac+<?php echo htmlentities($row->ClassNameNumeric);?>)
<?php }

    ?>
                                            </div>
                                            <div class="panel-body p-20">
							<?php
							//iver que vous n'y a paslanguage
							$query=$query -> fetchAll(PDO::FETCH_OBJ);
							$result=$stmt -> fetchAll(PDO::FETCH_OBJ);
							$cnt=1;
							if($countrow=$query -> fetchCount(PDO::FETCH_OBJ)
					<lang>php</lang>$query->bindParam(':rollid',$rollid,PDO::PARAM_STR);
$query->bindParam(':classid',$classid,PDO::PARAM_STR);
$query->bindParam(':pass',$pass,PDO::PARAM_STR);
$query-> execute();
$results = $query -> fetchAll(PDO::FETCH_OBJ);
$cnt=1;
if($countrow=$query->rowCount()>0)
{
foreach($results as $result){

    ?>

                                                		<tr>
<th scope="row" style="text-align: center"><?php echo htmlentities($cnt);?></th>
<td style="text-align: center"><?php echo htmlentities($result->SubjectName);?><
/td>
<td style="text-align: center"><?php echo htmlentities($totalmarks=sprintf('%.2f
',$result->marks));?> - <?php
  if ($totalmarks>=12) {echo "V";}
  else echo "NV"; ?></td>
                                                		</tr>
<?php
$totlcount+=$totalmarks;
$cnt++;}
?>
<tr>
<th scope="row" colspan="2" style="text-align: center">Résultat</th>
<td style="text-align: center"><b><?php echo  number_format(htmlentities($totlco
unt)/($cnt-1), 2, '.', ''); ?>  / 20
</b></td>
                                                        </tr>

<tr>

<td colspan="3" align="center"><i class="fa fa-print fa-2x" aria-hidden="true" s
tyle="cursor:pointer" OnClick="CallPrint(this.value)" ></i></td>
                                                             </tr>

 <?php } else { ?>
<div class="alert alert-warning left-icon-alert" role="alert">
                                            <strong>Votre résultat n'est pas enc
ore
[...]
============================================================================
wandb: WARNING You are mutating a Table with log_mode='IMMUTABLE' that has been logged already. Subsequent log() calls will have no effect. Set log_mode='MUTABLE' to enable re-logging after mutations

removed old checkpoint: step_big_fim_213625.pt
  eval @ step 213750: loss 1.2723 | ppl 3.6
  fim eval @ step 213750: loss 1.1790 | ppl 3.3
  fim gen eval @ step 213750: top1_tf 0.273 | prefix_acc 0.124 | exact@32 0.03 | first-line 0.22 | edit-sim 0.269
  window(n=10): sup 13546 +/- 2572 [7100..16420] tok/step | loss 1.269 +/- 0.242 | skipped 0
step 213760 | loss 1.0044 | ppl 2.7 | acc 0.753 | lr 8.32e-05 | grad_norm 0.81 | 1085 tok/s | sup 7100 tok/step | ema_loss 1.2165 | ema_ppl 3.6 | ema_acc 0.755 | ema_grad 2.02
  skipped micro-step: loss 8.87 (per-token threshold 5.0)
  skipped micro-step: loss 8.61 (per-token threshold 5.0)
  window(n=10): sup 13443 +/- 5953 [7714..30267] tok/step | loss 2.066 +/- 1.377 | skipped 2
step 213770 | loss 0.7794 | ppl 2.2 | acc 0.845 | lr 8.32e-05 | grad_norm 1.52 | 845 tok/s | sup 13189 tok/step | ema_loss 1.2997 | ema_ppl 5.4 | ema_acc 0.745 | ema_grad 2.04
  skipped micro-step: loss 9.84 (per-token threshold 5.0)
  skipped micro-step: loss 8.63 (per-token threshold 5.0)
  window(n=10): sup 13522 +/- 2797 [8567..17965] tok/step | loss 1.072 +/- 0.174 | skipped 2
step 213780 | loss 0.9545 | ppl 2.6 | acc 0.797 | lr 8.32e-05 | grad_norm 0.82 | 1168 tok/s | sup 8567 tok/step | ema_loss 1.2779 | ema_ppl 5.2 | ema_acc 0.749 | ema_grad 1.98
  skipped micro-step: loss 8.66 (per-token threshold 5.0)
  skipped micro-step: loss 8.76 (per-token threshold 5.0)
  skipped micro-step: loss 9.04 (per-token threshold 5.0)
  skipped micro-step: loss 9.14 (per-token threshold 5.0)
  window(n=10): sup 14029 +/- 6178 [6369..23386] tok/step | loss 1.073 +/- 0.186 | skipped 4
step 213790 | loss 1.1379 | ppl 3.1 | acc 0.785 | lr 8.32e-05 | grad_norm 2.11 | 804 tok/s | sup 23386 tok/step | ema_loss 1.2582 | ema_ppl 5.0 | ema_acc 0.752 | ema_grad 1.96
  skipped micro-step: loss 8.47 (per-token threshold 5.0)
  window(n=10): sup 12276 +/- 4016 [7755..21276] tok/step | loss 1.191 +/- 0.188 | skipped 1
step 213800 | loss 1.0851 | ppl 3.0 | acc 0.775 | lr 8.32e-05 | grad_norm 1.08 | 1373 tok/s | sup 10587 tok/step | ema_loss 1.2519 | ema_ppl 4.8 | ema_acc 0.752 | ema_grad 1.91
  window(n=10): sup 16510 +/- 4470 [6591..21751] tok/step | loss 1.301 +/- 0.347 | skipped 0
step 213810 | loss 1.1352 | ppl 3.1 | acc 0.755 | lr 8.32e-05 | grad_norm 6.44 | 639 tok/s | sup 19283 tok/step | ema_loss 1.2565 | ema_ppl 4.7 | ema_acc 0.751 | ema_grad 2.06
  skipped micro-step: loss 8.94 (per-token threshold 5.0)
  window(n=10): sup 9713 +/- 4349 [4019..17951] tok/step | loss 1.272 +/- 0.209 | skipped 1
step 213820 | loss 1.4414 | ppl 4.2 | acc 0.709 | lr 8.32e-05 | grad_norm 0.70 | 910 tok/s | sup 4019 tok/step | ema_loss 1.2583 | ema_ppl 4.6 | ema_acc 0.750 | ema_grad 1.96
  window(n=10): sup 17472 +/- 4079 [11630..24959] tok/step | loss 1.326 +/- 0.295 | skipped 0
step 213830 | loss 1.0512 | ppl 2.9 | acc 0.772 | lr 8.32e-05 | grad_norm 2.86 | 568 tok/s | sup 24959 tok/step | ema_loss 1.2644 | ema_ppl 4.6 | ema_acc 0.750 | ema_grad 1.97
  skipped micro-step: loss 8.58 (per-token threshold 5.0)
  skipped micro-step: loss 9.08 (per-token threshold 5.0)
  window(n=10): sup 10589 +/- 2220 [6536..13923] tok/step | loss 1.258 +/- 0.114 | skipped 2
step 213840 | loss 1.0759 | ppl 2.9 | acc 0.779 | lr 8.32e-05 | grad_norm 0.91 | 1386 tok/s | sup 8720 tok/step | ema_loss 1.2637 | ema_ppl 4.5 | ema_acc 0.749 | ema_grad 1.89
  skipped micro-step: loss 8.64 (per-token threshold 5.0)
  window(n=10): sup 15377 +/- 2654 [12674..19662] tok/step | loss 1.068 +/- 0.292 | skipped 1
step 213850 | loss 0.8602 | ppl 2.4 | acc 0.799 | lr 8.32e-05 | grad_norm 1.63 | 430 tok/s | sup 12718 tok/step | ema_loss 1.2451 | ema_ppl 4.3 | ema_acc 0.752 | ema_grad 1.89
  skipped micro-step: loss 8.36 (per-token threshold 5.0)
  skipped micro-step: loss 8.71 (per-token threshold 5.0)
  skipped micro-step: loss 8.48 (per-token threshold 5.0)
  window(n=10): sup 12277 +/- 4909 [5589..22444] tok/step | loss 1.276 +/- 0.395 | skipped 3
step 213860 | loss 1.1520 | ppl 3.2 | acc 0.759 | lr 8.32e-05 | grad_norm 0.99 | 1360 tok/s | sup 9967 tok/step | ema_loss 1.2480 | ema_ppl 4.3 | ema_acc 0.751 | ema_grad 1.83
  skipped micro-step: loss 7.81 (per-token threshold 5.0)
  window(n=10): sup 17789 +/- 5591 [8126..28395] tok/step | loss 1.319 +/- 0.234 | skipped 1
step 213870 | loss 0.9203 | ppl 2.5 | acc 0.798 | lr 8.31e-05 | grad_norm 5.94 | 598 tok/s | sup 18247 tok/step | ema_loss 1.2545 | ema_ppl 4.2 | ema_acc 0.750 | ema_grad 1.90
saved checkpoint: ./checkpoints/step_big_fim_213875.pt (model only)
===== step 213875 | FIM checkpoint sample =====
-- context --
(none)
-- <fim_prefix> --
<filename>examples/object_tracker_training/train_st_tracker_viame_csv.bat
@echo off

REM Setup VIAME Paths (no need to set if installed to registry or already set up
)

SET VIAME_INSTALL=.\..\..
SET CURRENT_DIR=%CD%

SET DATA_FOLDER="%CURRENT_DIR%\training_data"
SET TRAIN_FOLDER="%CURRENT_DIR%\deep_tracking"
SET GPU_COUNT=1
SET THRESH=0.0

SET SCRIPT_DIR="%VIAME_INSTALL%\lib\python3.6\site-packages\pysot\viame"

-- <fim_suffix> --
 ECHO Training Data Folder Does Not Exist
  PAUSE
  EXIT /B
)

IF EXIST %TRAIN_FOLDER% RD /s /q %TRAIN_FOLDER%
MKDIR %TRAIN_FOLDER%

python.exe -m torch.distributed.launch ^
           --nproc_per_node=%GPU_COUNT% ^
           %SCRIPT_DIR%\viame_train_tracker.py ^
           -i %DATA_FOLDER% ^
           -s %TRAIN_FOLDER% ^
           -c %VIAME_INSTALL%\configs\pipelines\models\pysot_training_config.yam
l ^
           --threshold %THRESH%

pause

-- <fim_middle> | model output --

SET RD=%Random.randint(0,0.1)

ECHO_INFO=%(
  ECHO Training Data Folder Checks
  ECHO Training Data Folder Jae
  ECHO_INFO% %PREVIEW_NAME%
  ECHO_INFO% %PREVIEW_DESCRIPTION%
  ECHO_INFO% %PREVIEW_DESCRIPTION%
  ECHO_INFO% %PREVIEW_PREVIEW_NAME%
  ECHO_INFO% %PREVIEW_
-- final code (prefix + generated + suffix) --
<filename>examples/object_tracker_training/train_st_tracker_viame_csv.bat
@echo off

REM Setup VIAME Paths (no need to set if installed to registry or already set up
)

SET VIAME_INSTALL=.\..\..
SET CURRENT_DIR=%CD%

SET DATA_FOLDER="%CURRENT_DIR%\training_data"
SET TRAIN_FOLDER="%CURRENT_DIR%\deep_tracking"
SET GPU_COUNT=1
SET THRESH=0.0

SET SCRIPT_DIR="%VIAME_INSTALL%\lib\python3.6\site-packages\pysot\viame"

SET RD=%Random.randint(0,0.1)

ECHO_INFO=%(
  ECHO Training Data Folder Checks
  ECHO Training Data Folder Jae
  ECHO_INFO% %PREVIEW_NAME%
  ECHO_INFO% %PREVIEW_DESCRIPTION%
  ECHO_INFO% %PREVIEW_DESCRIPTION%
  ECHO_INFO% %PREVIEW_PREVIEW_NAME%
  ECHO_INFO% %PREVIEW_ ECHO Training Data Folder Does Not Exist
  PAUSE
  EXIT /B
)

IF EXIST %TRAIN_FOLDER% RD /s /q %TRAIN_FOLDER%
MKDIR %TRAIN_FOLDER%

python.exe -m torch.distributed.launch ^
           --nproc_per_node=%GPU_COUNT% ^
           %SCRIPT_DIR%\viame_train_tracker.py ^
           -i %DATA_FOLDER% ^
           -s %TRAIN_FOLDER% ^
           -c %VIAME_INSTALL%\configs\pipelines\models\pysot_training_config.yam
l ^
           --threshold %THRESH%

pause

============================================================================

removed old checkpoint: step_big_fim_213750.pt
  eval @ step 213875: loss 1.2724 | ppl 3.6
  fim eval @ step 213875: loss 1.1790 | ppl 3.3
  fim gen eval @ step 213875: top1_tf 0.272 | prefix_acc 0.153 | exact@32 0.06 | first-line 0.22 | edit-sim 0.297
  skipped micro-step: loss 8.09 (per-token threshold 5.0)
  skipped micro-step: loss 8.92 (per-token threshold 5.0)
  window(n=10): sup 14388 +/- 4757 [7447..22806] tok/step | loss 1.107 +/- 0.202 | skipped 2
step 213880 | loss 1.2574 | ppl 3.5 | acc 0.739 | lr 8.31e-05 | grad_norm 0.95 | 975 tok/s | sup 7493 tok/step | ema_loss 1.2406 | ema_ppl 4.1 | ema_acc 0.749 | ema_grad 1.89
  skipped micro-step: loss 8.68 (per-token threshold 5.0)
  window(n=10): sup 15680 +/- 7221 [7322..33433] tok/step | loss 1.123 +/- 0.217 | skipped 1
step 213890 | loss 0.8945 | ppl 2.4 | acc 0.785 | lr 8.31e-05 | grad_norm 2.66 | 794 tok/s | sup 22858 tok/step | ema_loss 1.2291 | ema_ppl 4.0 | ema_acc 0.751 | ema_grad 1.88
  skipped micro-step: loss 10.09 (per-token threshold 5.0)
  skipped micro-step: loss 8.46 (per-token threshold 5.0)
  window(n=10): sup 15057 +/- 4902 [7693..23363] tok/step | loss 1.106 +/- 0.190 | skipped 2
step 213900 | loss 1.1584 | ppl 3.2 | acc 0.740 | lr 8.31e-05 | grad_norm 1.16 | 1322 tok/s | sup 9029 tok/step | ema_loss 1.2174 | ema_ppl 3.9 | ema_acc 0.752 | ema_grad 1.85
  skipped micro-step: loss 8.90 (per-token threshold 5.0)
  skipped micro-step: loss 9.13 (per-token threshold 5.0)
  skipped micro-step: loss 8.25 (per-token threshold 5.0)
  skipped micro-step: loss 8.18 (per-token threshold 5.0)
  window(n=10): sup 13070 +/- 5811 [5567..20971] tok/step | loss 1.247 +/- 0.245 | skipped 4
step 213910 | loss 1.7126 | ppl 5.5 | acc 0.699 | lr 8.31e-05 | grad_norm 2.31 | 1249 tok/s | sup 18752 tok/step | ema_loss 1.2201 | ema_ppl 3.9 | ema_acc 0.752 | ema_grad 1.81
  skipped micro-step: loss 8.52 (per-token threshold 5.0)
  window(n=10): sup 15889 +/- 3400 [12140..23384] tok/step | loss 1.229 +/- 0.468 | skipped 1
step 213920 | loss 1.6473 | ppl 5.2 | acc 0.685 | lr 8.31e-05 | grad_norm 3.16 | 1587 tok/s | sup 23384 tok/step | ema_loss 1.2209 | ema_ppl 3.9 | ema_acc 0.753 | ema_grad 1.82
  skipped micro-step: loss 8.99 (per-token threshold 5.0)
  window(n=10): sup 11849 +/- 4403 [5358..19246] tok/step | loss 1.351 +/- 0.366 | skipped 1
step 213930 | loss 0.9230 | ppl 2.5 | acc 0.823 | lr 8.31e-05 | grad_norm 1.61 | 726 tok/s | sup 19246 tok/step | ema_loss 1.2335 | ema_ppl 3.9 | ema_acc 0.751 | ema_grad 1.78
  window(n=10): sup 17638 +/- 3697 [12226..23731] tok/step | loss 1.087 +/- 0.308 | skipped 0
step 213940 | loss 1.2355 | ppl 3.4 | acc 0.696 | lr 8.31e-05 | grad_norm 2.36 | 738 tok/s | sup 20862 tok/step | ema_loss 1.2194 | ema_ppl 3.9 | ema_acc 0.754 | ema_grad 1.88
  skipped micro-step: loss 8.91 (per-token threshold 5.0)
  skipped micro-step: loss 8.32 (per-token threshold 5.0)
  window(n=10): sup 21790 +/- 5115 [14005..28888] tok/step | loss 0.859 +/- 0.328 | skipped 2
step 213950 | loss 0.3867 | ppl 1.5 | acc 0.904 | lr 8.31e-05 | grad_norm 1.63 | 972 tok/s | sup 28888 tok/step | ema_loss 1.1844 | ema_ppl 3.7 | ema_acc 0.758 | ema_grad 1.98
  skipped micro-step: loss 8.96 (per-token threshold 5.0)
  skipped micro-step: loss 7.85 (per-token threshold 5.0)
  window(n=10): sup 24426 +/- 5619 [13391..29305] tok/step | loss 0.629 +/- 0.205 | skipped 2
step 213960 | loss 0.6442 | ppl 1.9 | acc 0.834 | lr 8.31e-05 | grad_norm 3.61 | 1016 tok/s | sup 29305 tok/step | ema_loss 1.1313 | ema_ppl 3.6 | ema_acc 0.765 | ema_grad 2.08
  skipped micro-step: loss 8.74 (per-token threshold 5.0)
  skipped micro-step: loss 7.77 (per-token threshold 5.0)
  skipped micro-step: loss 8.38 (per-token threshold 5.0)
  window(n=10): sup 19697 +/- 3514 [12298..27683] tok/step | loss 0.533 +/- 0.197 | skipped 3
step 213970 | loss 0.2666 | ppl 1.3 | acc 0.928 | lr 8.31e-05 | grad_norm 1.10 | 636 tok/s | sup 18710 tok/step | ema_loss 1.0739 | ema_ppl 3.4 | ema_acc 0.775 | ema_grad 2.06
  skipped micro-step: loss 8.04 (per-token threshold 5.0)
  skipped micro-step: loss 7.62 (per-token threshold 5.0)
  window(n=10): sup 18698 +/- 4096 [12010..27675] tok/step | loss 0.508 +/- 0.171 | skipped 2
step 213980 | loss 0.4848 | ppl 1.6 | acc 0.866 | lr 8.31e-05 | grad_norm 1.20 | 567 tok/s | sup 18659 tok/step | ema_loss 1.0198 | ema_ppl 3.2 | ema_acc 0.784 | ema_grad 2.00
  skipped micro-step: loss 8.55 (per-token threshold 5.0)
  window(n=10): sup 19065 +/- 3660 [14102..25792] tok/step | loss 1.065 +/- 0.362 | skipped 1
step 213990 | loss 0.7483 | ppl 2.1 | acc 0.807 | lr 8.31e-05 | grad_norm 1.72 | 504 tok/s | sup 15240 tok/step | ema_loss 1.0241 | ema_ppl 3.2 | ema_acc 0.783 | ema_grad 1.99
  skipped micro-step: loss 7.96 (per-token threshold 5.0)
  skipped micro-step: loss 9.31 (per-token threshold 5.0)
  window(n=10): sup 17110 +/- 4398 [7886..22811] tok/step | loss 0.709 +/- 0.238 | skipped 2
step 214000 | loss 1.0512 | ppl 2.9 | acc 0.776 | lr 8.31e-05 | grad_norm 0.88 | 1313 tok/s | sup 7886 tok/step | ema_loss 0.9942 | ema_ppl 3.1 | ema_acc 0.788 | ema_grad 1.93
saved checkpoint: ./checkpoints/step_big_fim_214000.pt
===== step 214000 | FIM checkpoint sample =====
-- context --
(none)
-- <fim_prefix> --
<lang>kotlin</lang>package com.example.ferreteriaomiltemi.view.auth

import androidx.appcompat.app.AppCompatActivity
import android.os.Bundle
import com.example.ferreteriaomiltemi.R

-- <fim_suffix> --
<lang>kotlin</lang>       setContentView(R.layout.activity_auth)
    }
}
-- <fim_middle> | model output --

class AuthActivity : AppCompatActivity() {
    override fun onCreate(savedInstanceState: Bundle?) {

-- final code (prefix + generated + suffix) --
<lang>kotlin</lang>package com.example.ferreteriaomiltemi.view.auth

import androidx.appcompat.app.AppCompatActivity
import android.os.Bundle
import com.example.ferreteriaomiltemi.R

class AuthActivity : AppCompatActivity() {
    override fun onCreate(savedInstanceState: Bundle?) {
<lang>kotlin</lang>       setContentView(R.layout.activity_auth)
    }
}
============================================================================

removed old checkpoint: step_big_fim_213875.pt
  eval @ step 214000: loss 1.2724 | ppl 3.6
  fim eval @ step 214000: loss 1.1793 | ppl 3.3
  fim gen eval @ step 214000: top1_tf 0.273 | prefix_acc 0.153 | exact@32 0.06 | first-line 0.22 | edit-sim 0.297
  skipped micro-step: loss 8.74 (per-token threshold 5.0)
  skipped micro-step: loss 8.46 (per-token threshold 5.0)
  window(n=10): sup 16610 +/- 7461 [7136..31260] tok/step | loss 1.410 +/- 0.229 | skipped 2
step 214010 | loss 1.5690 | ppl 4.8 | acc 0.648 | lr 8.31e-05 | grad_norm 2.30 | 576 tok/s | sup 17052 tok/step | ema_loss 1.0342 | ema_ppl 3.2 | ema_acc 0.781 | ema_grad 1.95
  skipped micro-step: loss 9.43 (per-token threshold 5.0)
  skipped micro-step: loss 8.79 (per-token threshold 5.0)
  skipped micro-step: loss 8.25 (per-token threshold 5.0)
  window(n=10): sup 10610 +/- 3406 [6286..15795] tok/step | loss 1.414 +/- 0.288 | skipped 3
step 214020 | loss 1.8054 | ppl 6.1 | acc 0.655 | lr 8.31e-05 | grad_norm 0.95 | 1217 tok/s | sup 6286 tok/step | ema_loss 1.0703 | ema_ppl 3.3 | ema_acc 0.774 | ema_grad 1.88
  skipped micro-step: loss 8.20 (per-token threshold 5.0)
  window(n=10): sup 17711 +/- 4548 [6990..23115] tok/step | loss 1.113 +/- 0.268 | skipped 1
step 214030 | loss 0.7369 | ppl 2.1 | acc 0.844 | lr 8.31e-05 | grad_norm 1.72 | 973 tok/s | sup 14318 tok/step | ema_loss 1.0742 | ema_ppl 3.3 | ema_acc 0.775 | ema_grad 1.93
  skipped micro-step: loss 9.27 (per-token threshold 5.0)
  skipped micro-step: loss 9.72 (per-token threshold 5.0)
  window(n=10): sup 18932 +/- 4810 [12858..28857] tok/step | loss 1.094 +/- 0.195 | skipped 2
step 214040 | loss 1.2905 | ppl 3.6 | acc 0.739 | lr 8.31e-05 | grad_norm 1.45 | 702 tok/s | sup 12858 tok/step | ema_loss 1.0765 | ema_ppl 3.3 | ema_acc 0.775 | ema_grad 1.97
  window(n=10): sup 13258 +/- 7285 [6769..26925] tok/step | loss 1.244 +/- 0.207 | skipped 0
step 214050 | loss 0.9405 | ppl 2.6 | acc 0.811 | lr 8.31e-05 | grad_norm 1.39 | 830 tok/s | sup 12943 tok/step | ema_loss 1.0923 | ema_ppl 3.3 | ema_acc 0.773 | ema_grad 1.93
  window(n=10): sup 13672 +/- 4411 [6768..20683] tok/step | loss 1.193 +/- 0.353 | skipped 0
step 214060 | loss 1.3963 | ppl 4.0 | acc 0.697 | lr 8.31e-05 | grad_norm 0.84 | 1051 tok/s | sup 6768 tok/step | ema_loss 1.1022 | ema_ppl 3.3 | ema_acc 0.772 | ema_grad 1.88
  skipped micro-step: loss 8.54 (per-token threshold 5.0)
  skipped micro-step: loss 8.23 (per-token threshold 5.0)
  window(n=10): sup 13959 +/- 6044 [6258..22311] tok/step | loss 1.202 +/- 0.202 | skipped 2
step 214070 | loss 0.9179 | ppl 2.5 | acc 0.831 | lr 8.31e-05 | grad_norm 1.74 | 682 tok/s | sup 20228 tok/step | ema_loss 1.1114 | ema_ppl 3.3 | ema_acc 0.770 | ema_grad 1.84
  skipped micro-step: loss 7.90 (per-token threshold 5.0)
  skipped micro-step: loss 8.71 (per-token threshold 5.0)
  skipped micro-step: loss 8.61 (per-token threshold 5.0)
  window(n=10): sup 11284 +/- 4464 [5735..20370] tok/step | loss 1.137 +/- 0.211 | skipped 3
step 214080 | loss 1.0152 | ppl 2.8 | acc 0.783 | lr 8.31e-05 | grad_norm 0.70 | 923 tok/s | sup 5735 tok/step | ema_loss 1.1141 | ema_ppl 3.3 | ema_acc 0.770 | ema_grad 1.78
  window(n=10): sup 15402 +/- 2355 [12779..19645] tok/step | loss 1.233 +/- 0.297 | skipped 0
step 214090 | loss 0.9613 | ppl 2.6 | acc 0.795 | lr 8.31e-05 | grad_norm 1.07 | 1660 tok/s | sup 12983 tok/step | ema_loss 1.1250 | ema_ppl 3.3 | ema_acc 0.769 | ema_grad 1.78
  skipped micro-step: loss 8.27 (per-token threshold 5.0)
  skipped micro-step: loss 7.88 (per-token threshold 5.0)
  skipped micro-step: loss 8.15 (per-token threshold 5.0)
  skipped micro-step: loss 8.63 (per-token threshold 5.0)
  window(n=10): sup 11016 +/- 7246 [5031..29125] tok/step | loss 1.429 +/- 0.253 | skipped 4
step 214100 | loss 1.4856 | ppl 4.4 | acc 0.709 | lr 8.31e-05 | grad_norm 2.38 | 1392 tok/s | sup 19285 tok/step | ema_loss 1.1539 | ema_ppl 3.4 | ema_acc 0.763 | ema_grad 1.73
  window(n=10): sup 16634 +/- 3854 [12989..24000] tok/step | loss 1.481 +/- 0.338 | skipped 0
step 214110 | loss 1.6253 | ppl 5.1 | acc 0.676 | lr 8.31e-05 | grad_norm 2.91 | 1411 tok/s | sup 19946 tok/step | ema_loss 1.1855 | ema_ppl 3.5 | ema_acc 0.757 | ema_grad 1.83
  window(n=10): sup 23226 +/- 5056 [18383..31716] tok/step | loss 1.792 +/- 0.118 | skipped 0
step 214120 | loss 1.8603 | ppl 6.4 | acc 0.550 | lr 8.31e-05 | grad_norm 3.81 | 1320 tok/s | sup 18659 tok/step | ema_loss 1.2435 | ema_ppl 3.8 | ema_acc 0.741 | ema_grad 2.01
  skipped micro-step: loss 8.20 (per-token threshold 5.0)
  skipped micro-step: loss 8.38 (per-token threshold 5.0)
saved checkpoint: ./checkpoints/step_big_fim_214125.pt (model only)
===== step 214125 | FIM checkpoint sample =====
-- context --
(none)
-- <fim_prefix> --
<lang>python</lang>def nqueen(n):
    columns = set()
    diag_down = set()  # (r - c)
    diag_up = set()  # (r + c)

    result = []

    board = [["."] * n for i in range(n)]

    def backtrack(row):
        if row == n:
            copy = [''.join(r) for r in board]

-- <fim_suffix> --
<lang>python</lang>               diag_down.add(row - column)
                diag_up.add(row + column)
                board[row][column] = "Q"
                backtrack(row + 1)

                columns.remove(column)
                diag_down.remove(row - column)
                diag_up.remove(row + column)
                board[row][column] = "."

    backtrack(0)
    return result

    [
        [
            ".Q..",
            "...Q",
            "Q...",
            "..Q."
        ],

        ["..Q.", "Q...", "...Q", ".Q.."]]

-- <fim_middle> | model output --
           backtrack(row)
        elif row == n:
            copy = ["".join(r) for r in board]
            backtrack(row)
        else:
            for col in range(n):
                col += 1
                for row in range(n):
                    col += 1

-- final code (prefix + generated + suffix) --
<lang>python</lang>def nqueen(n):
    columns = set()
    diag_down = set()  # (r - c)
    diag_up = set()  # (r + c)

    result = []

    board = [["."] * n for i in range(n)]

    def backtrack(row):
        if row == n:
            copy = [''.join(r) for r in board]
           backtrack(row)
        elif row == n:
            copy = ["".join(r) for r in board]
            backtrack(row)
        else:
            for col in range(n):
                col += 1
                for row in range(n):
                    col += 1
<lang>python</lang>               diag_down.add(row - column)
                diag_up.add(row + column)
                board[row][column] = "Q"
                backtrack(row + 1)

                columns.remove(column)
                diag_down.remove(row - column)
                diag_up.remove(row + column)
                board[row][column] = "."

    backtrack(0)
    return result

    [
        [
            ".Q..",
            "...Q",
            "Q...",
            "..Q."
        ],

        ["..Q.", "Q...", "...Q", ".Q.."]]

============================================================================

removed old checkpoint: step_big_fim_214000.pt
  eval @ step 214125: loss 1.2724 | ppl 3.6
  fim eval @ step 214125: loss 1.1791 | ppl 3.3
  fim gen eval @ step 214125: top1_tf 0.272 | prefix_acc 0.123 | exact@32 0.03 | first-line 0.22 | edit-sim 0.268
  skipped micro-step: loss 9.04 (per-token threshold 5.0)
  window(n=10): sup 15455 +/- 7713 [7823..30633] tok/step | loss 1.488 +/- 0.300 | skipped 3
step 214130 | loss 1.2005 | ppl 3.3 | acc 0.734 | lr 8.31e-05 | grad_norm 2.67 | 735 tok/s | sup 30633 tok/step | ema_loss 1.2661 | ema_ppl 3.9 | ema_acc 0.735 | ema_grad 1.98
  skipped micro-step: loss 8.04 (per-token threshold 5.0)
  skipped micro-step: loss 9.02 (per-token threshold 5.0)
  window(n=10): sup 15818 +/- 4018 [9966..24797] tok/step | loss 1.189 +/- 0.316 | skipped 2
step 214140 | loss 1.0888 | ppl 3.0 | acc 0.780 | lr 8.31e-05 | grad_norm 1.05 | 792 tok/s | sup 9966 tok/step | ema_loss 1.2587 | ema_ppl 3.8 | ema_acc 0.737 | ema_grad 1.95
  skipped micro-step: loss 7.82 (per-token threshold 5.0)
  skipped micro-step: loss 8.38 (per-token threshold 5.0)
  window(n=10): sup 11001 +/- 5194 [4769..18597] tok/step | loss 1.227 +/- 0.186 | skipped 2
step 214150 | loss 1.0273 | ppl 2.8 | acc 0.785 | lr 8.31e-05 | grad_norm 5.34 | 1027 tok/s | sup 14502 tok/step | ema_loss 1.2553 | ema_ppl 3.8 | ema_acc 0.738 | ema_grad 1.92
  skipped micro-step: loss 8.03 (per-token threshold 5.0)
  skipped micro-step: loss 8.70 (per-token threshold 5.0)
  skipped micro-step: loss 7.92 (per-token threshold 5.0)
  window(n=10): sup 11971 +/- 4080 [4906..21085] tok/step | loss 0.998 +/- 0.267 | skipped 3
step 214160 | loss 1.1736 | ppl 3.2 | acc 0.752 | lr 8.31e-05 | grad_norm 0.98 | 1121 tok/s | sup 7960 tok/step | ema_loss 1.2311 | ema_ppl 3.7 | ema_acc 0.743 | ema_grad 1.88
  window(n=10): sup 14107 +/- 6085 [7917..28690] tok/step | loss 1.137 +/- 0.350 | skipped 0
step 214170 | loss 1.4903 | ppl 4.4 | acc 0.706 | lr 8.31e-05 | grad_norm 1.68 | 508 tok/s | sup 14612 tok/step | ema_loss 1.2220 | ema_ppl 3.7 | ema_acc 0.746 | ema_grad 1.85
  skipped micro-step: loss 8.90 (per-token threshold 5.0)
  skipped micro-step: loss 9.06 (per-token threshold 5.0)
  skipped micro-step: loss 8.64 (per-token threshold 5.0)
  skipped micro-step: loss 8.81 (per-token threshold 5.0)
  skipped micro-step: loss 8.20 (per-token threshold 5.0)
  window(n=10): sup 10841 +/- 4290 [6120..18227] tok/step | loss 1.038 +/- 0.348 | skipped 5
step 214180 | loss 1.2975 | ppl 3.7 | acc 0.729 | lr 8.31e-05 | grad_norm 0.80 | 1060 tok/s | sup 6120 tok/step | ema_loss 1.2052 | ema_ppl 3.6 | ema_acc 0.749 | ema_grad 1.77
  skipped micro-step: loss 8.52 (per-token threshold 5.0)
  skipped micro-step: loss 10.27 (per-token threshold 5.0)
  window(n=10): sup 16195 +/- 5229 [8642..26515] tok/step | loss 1.073 +/- 0.273 | skipped 2
step 214190 | loss 0.7111 | ppl 2.0 | acc 0.858 | lr 8.31e-05 | grad_norm 1.76 | 1025 tok/s | sup 18415 tok/step | ema_loss 1.1923 | ema_ppl 3.5 | ema_acc 0.753 | ema_grad 1.77
  window(n=10): sup 15779 +/- 3159 [11872..21025] tok/step | loss 0.749 +/- 0.281 | skipped 0
step 214200 | loss 1.2298 | ppl 3.4 | acc 0.752 | lr 8.31e-05 | grad_norm 1.26 | 1428 tok/s | sup 11872 tok/step | ema_loss 1.1505 | ema_ppl 3.4 | ema_acc 0.761 | ema_grad 1.75
  skipped micro-step: loss 8.07 (per-token threshold 5.0)
  window(n=10): sup 12154 +/- 4621 [6924..21101] tok/step | loss 1.259 +/- 0.209 | skipped 1
step 214210 | loss 1.5295 | ppl 4.6 | acc 0.714 | lr 8.31e-05 | grad_norm 3.72 | 719 tok/s | sup 21101 tok/step | ema_loss 1.1609 | ema_ppl 3.4 | ema_acc 0.760 | ema_grad 1.74
  window(n=10): sup 20027 +/- 5152 [12034..30069] tok/step | loss 1.187 +/- 0.389 | skipped 0
step 214220 | loss 1.0998 | ppl 3.0 | acc 0.777 | lr 8.31e-05 | grad_norm 2.12 | 428 tok/s | sup 19199 tok/step | ema_loss 1.1631 | ema_ppl 3.4 | ema_acc 0.761 | ema_grad 1.78
  skipped micro-step: loss 8.84 (per-token threshold 5.0)
  skipped micro-step: loss 8.42 (per-token threshold 5.0)
  window(n=10): sup 13534 +/- 4528 [7852..20625] tok/step | loss 1.258 +/- 0.205 | skipped 2
step 214230 | loss 1.2775 | ppl 3.6 | acc 0.727 | lr 8.31e-05 | grad_norm 1.03 | 1146 tok/s | sup 8681 tok/step | ema_loss 1.1721 | ema_ppl 3.5 | ema_acc 0.760 | ema_grad 1.79
  skipped micro-step: loss 7.56 (per-token threshold 5.0)
  window(n=10): sup 18274 +/- 5626 [12798..30134] tok/step | loss 1.180 +/- 0.220 | skipped 1
step 214240 | loss 1.0696 | ppl 2.9 | acc 0.779 | lr 8.31e-05 | grad_norm 1.99 | 1357 tok/s | sup 14698 tok/step | ema_loss 1.1725 | ema_ppl 3.4 | ema_acc 0.760 | ema_grad 1.81
  window(n=10): sup 12538 +/- 6000 [7530..27873] tok/step | loss 1.288 +/- 0.272 | skipped 0
step 214250 | loss 1.0108 | ppl 2.7 | acc 0.786 | lr 8.31e-05 | grad_norm 2.58 | 1181 tok/s | sup 27873 tok/step | ema_loss 1.1835 | ema_ppl 3.5 | ema_acc 0.757 | ema_grad 1.77
saved checkpoint: ./checkpoints/step_big_fim_214250.pt (model only)
===== step 214250 | FIM checkpoint sample =====
-- context --
(none)
-- <fim_prefix> --
[...] .nombre} ha sido movido al grupo: ${nuevoGrupo}`);
                        exit = true;
                    } else {
                        console.log(`El alumno ya pertenece al grupo: ${nuevoGru
po}`);
                        exit = true;
                    }
                } else {
                    console.log("El grupo no existe. Por favor, introduce uno vá
lido.");
                }
            } while (!exit);
    });
};

Aula.prototype.eliminarGrupo = function (grupo) {
    let alumnoPorGrupo = 0;
    if (this._grupos.has(grupo)) {
        for (let i = 0; i < this._nAlmunos; i++) {

-- <fim_suffix> --
<lang>javascript</lang>   if (this._grupos.size === 0) {
        console.log("No hay grupos creados.");
        return;
    }

    if (!this._grupos.has(grupo)) {
        console.log(`El grupo ${grupo} no existe.`);
        return;
    }

    const alumnosDelGrupo = this._alumnos.filter((alumno) => alumno.grupo === gr
upo);

    if (alumnosDelGrupo.length === 0) {
        console.log(`El grupo ${grupo} no tiene alumnos.`);
        return;
    }

    let notaMaxima = 0;
    for (const alumno of alumnosDelGrupo) {
        if (alumno.notaFinal > notaMaxima) {
            notaMaxima = alumno.notaFi [...]
-- <fim_middle> | model output --
           if (alumno.grupo === grupo) {
                console.log(`El grupo ${grupo} escriba un MCT para el empresa ${
grupo}`);
                return;
            }

            if (this._grupos.has(grupo)) {
                if (alumno.grupo === grupo) {
                    console.log(`El melhoro ${grupo} não desea eliminar unern.`)
;
                    return;
                }
            }
        }
    }

    if (this._grupos
-- final code (prefix + generated + suffix) --
[...]
umno.nombre}`).trim();

                if (this._grupos.has(nuevoGrupo)) {
                    if (alumno.grupo !== nuevoGrupo) {
                        const alumnosEnGrupo = this._alumnos.filter(a => a.grupo
 === alumno.grupo);

                        if (alumnosEnGrupo.length === 1) {
                            const confirmacion = confirm(
                                `El grupo "${alumno.grupo}" quedará sin alumnos.
 ¿quieres continuar? (Aceptar para continuar, Cancelar para elegir otro grupo)`
                            );

                            if (!confirmacion) {
                                console.log("Operación cancelada. El alumno no f
ue cambiado de grupo.");
                                continue;
                            }
                        }

                        alumno.grupo = nuevoGrupo;
                        console.log(`El alumno ${alumno.nombre} ha sido movido a
l grupo: ${nuevoGrupo}`);
                        exit = true;
                    } else {
                        console.log(`El alumno ya pertenece al grupo: ${nuevoGru
po}`);
                        exit = true;
                    }
                } else {
                    console.log("El grupo no existe. Por favor, introduce uno vá
lido.");
                }
            } while (!exit);
    });
};

Aula.prototype.eliminarGrupo = function (grupo) {
    let alumnoPorGrupo = 0;
    if (this._grupos.has(grupo)) {
        for (let i = 0; i < this._nAlmunos; i++) {
           if (alumno.grupo === grupo) {
                console.log(`El grupo ${grupo} escriba un MCT para el empresa ${
grupo}`);
                return;
            }

            if (this._grupos.has(grupo)) {
                if (alumno.grupo === grupo) {
                    console.log(`El melhoro ${grupo} não desea eliminar unern.`)
;
                    return;
                }
            }
        }
    }

    if (this._grupos<lang>javascript</lang>   if (this._grupos.size === 0) {
        console.log("No hay grupos creados.");
        return;
    }

    if (!this._grupos.has(grupo)) {
        console.log(`El grupo ${grupo} no existe.`);
        return;
    }

    const alumnosDelGrupo = this._alumnos.filter((alumno) => alumno.grupo === gr
upo);

    if (alumnosDelGrupo.length === 0) {
        console.log(`El grupo ${grupo} no tiene alumnos.`);
        return;
    }

    let notaMaxima = 0;
    for (const alumno of alumnosDelGrupo) {
        if (alumno.notaFinal > notaMaxima) {
            notaMaxima = alumno.notaFinal;
        }
    }

    const mejoresAlumnos = [];
    for (const alumno of alumnosDelGrupo) {
        if (alumno.notaFinal === notaMaxima) {
            mejoresAlumnos.push(alumno);
        }
    }

    console.log(`La nota más alta del grupo "${grupo}" es ${notaMaxima}.`);
    console.log("Los mejores alumnos del grupo son:");
    for (const alumno of mejoresAlumnos) {
        console.log(alumno.mostrarInformacion());
    }
};

Aula.prototype.porcentajeSuspensosPorGrupos = function () {
    if (this._grupos.size === 0) {
        console.log("No hay grupos creados.");
        return;
    }

    for (const grupo of this._grupos) {
        const alumnosDelGrupo = this._alumnos.filter((alumno) => alumno.grupo ==
= grupo);

        if (alumnosDelGrupo.length === 0) {
            console.log(`El grupo ${grupo} no tiene alumnos.`);
            continue;
        }

        let totalAlumnos =
[...]
============================================================================

removed old checkpoint: step_big_fim_214125.pt
  eval @ step 214250: loss 1.2722 | ppl 3.6
  fim eval @ step 214250: loss 1.1786 | ppl 3.2
  fim gen eval @ step 214250: top1_tf 0.272 | prefix_acc 0.124 | exact@32 0.03 | first-line 0.22 | edit-sim 0.269
  skipped micro-step: loss 8.68 (per-token threshold 5.0)
  window(n=10): sup 17398 +/- 5096 [12830..28203] tok/step | loss 0.929 +/- 0.440 | skipped 1
step 214260 | loss 0.5409 | ppl 1.7 | acc 0.886 | lr 8.31e-05 | grad_norm 1.45 | 732 tok/s | sup 21904 tok/step | ema_loss 1.1589 | ema_ppl 3.4 | ema_acc 0.764 | ema_grad 1.75
  skipped micro-step: loss 8.69 (per-token threshold 5.0)
  skipped micro-step: loss 8.19 (per-token threshold 5.0)
  skipped micro-step: loss 8.46 (per-token threshold 5.0)
  skipped micro-step: loss 8.52 (per-token threshold 5.0)
  window(n=10): sup 10609 +/- 5265 [5413..19765] tok/step | loss 1.106 +/- 0.430 | skipped 4
step 214270 | loss 1.0331 | ppl 2.8 | acc 0.781 | lr 8.31e-05 | grad_norm 0.75 | 1043 tok/s | sup 5930 tok/step | ema_loss 1.1544 | ema_ppl 3.4 | ema_acc 0.764 | ema_grad 1.69
  window(n=10): sup 15893 +/- 4067 [12040..25919] tok/step | loss 1.180 +/- 0.242 | skipped 0
step 214280 | loss 1.4964 | ppl 4.5 | acc 0.702 | lr 8.31e-05 | grad_norm 1.74 | 847 tok/s | sup 12209 tok/step | ema_loss 1.1571 | ema_ppl 3.4 | ema_acc 0.764 | ema_grad 1.69
  skipped micro-step: loss 8.50 (per-token threshold 5.0)
  skipped micro-step: loss 9.05 (per-token threshold 5.0)
  window(n=10): sup 12868 +/- 6527 [8205..30011] tok/step | loss 1.153 +/- 0.273 | skipped 2
step 214290 | loss 1.1275 | ppl 3.1 | acc 0.760 | lr 8.31e-05 | grad_norm 1.03 | 1444 tok/s | sup 10075 tok/step | ema_loss 1.1571 | ema_ppl 3.4 | ema_acc 0.764 | ema_grad 1.65
  window(n=10): sup 19271 +/- 4794 [12602..27620] tok/step | loss 1.145 +/- 0.507 | skipped 0
step 214300 | loss 1.0649 | ppl 2.9 | acc 0.784 | lr 8.31e-05 | grad_norm 2.33 | 477 tok/s | sup 20843 tok/step | ema_loss 1.1552 | ema_ppl 3.4 | ema_acc 0.765 | ema_grad 1.70
  skipped micro-step: loss 8.44 (per-token threshold 5.0)
  window(n=10): sup 12304 +/- 6237 [6428..27604] tok/step | loss 1.185 +/- 0.351 | skipped 1
step 214310 | loss 1.4333 | ppl 4.2 | acc 0.719 | lr 8.31e-05 | grad_norm 2.47 | 343 tok/s | sup 18312 tok/step | ema_loss 1.1586 | ema_ppl 3.4 | ema_acc 0.764 | ema_grad 1.66
  skipped micro-step: loss 9.22 (per-token threshold 5.0)
  skipped micro-step: loss 8.74 (per-token threshold 5.0)
  window(n=10): sup 17392 +/- 2557 [13396..22580] tok/step | loss 1.115 +/- 0.178 | skipped 2
step 214320 | loss 1.1889 | ppl 3.3 | acc 0.734 | lr 8.31e-05 | grad_norm 1.80 | 989 tok/s | sup 18207 tok/step | ema_loss 1.1545 | ema_ppl 3.4 | ema_acc 0.764 | ema_grad 1.69
  skipped micro-step: loss 9.03 (per-token threshold 5.0)
  skipped micro-step: loss 7.83 (per-token threshold 5.0)
  window(n=10): sup 12722 +/- 4433 [8060..22502] tok/step | loss 1.227 +/- 0.317 | skipped 2
step 214330 | loss 1.4543 | ppl 4.3 | acc 0.690 | lr 8.31e-05 | grad_norm 1.02 | 1220 tok/s | sup 8060 tok/step | ema_loss 1.1618 | ema_ppl 3.4 | ema_acc 0.762 | ema_grad 1.65
  skipped micro-step: loss 10.41 (per-token threshold 5.0)
  window(n=10): sup 15802 +/- 5258 [7379..24467] tok/step | loss 1.203 +/- 0.532 | skipped 1
step 214340 | loss 1.2152 | ppl 3.4 | acc 0.763 | lr 8.31e-05 | grad_norm 1.32 | 1088 tok/s | sup 13860 tok/step | ema_loss 1.1657 | ema_ppl 3.5 | ema_acc 0.762 | ema_grad 1.66
  skipped micro-step: loss 7.98 (per-token threshold 5.0)
  window(n=10): sup 12014 +/- 2756 [6041..16585] tok/step | loss 1.161 +/- 0.187 | skipped 1
step 214350 | loss 0.8847 | ppl 2.4 | acc 0.827 | lr 8.31e-05 | grad_norm 1.58 | 343 tok/s | sup 16585 tok/step | ema_loss 1.1652 | ema_ppl 3.4 | ema_acc 0.762 | ema_grad 1.62
  window(n=10): sup 17964 +/- 3480 [14162..24111] tok/step | loss 1.461 +/- 0.228 | skipped 0
step 214360 | loss 1.2841 | ppl 3.6 | acc 0.723 | lr 8.31e-05 | grad_norm 2.00 | 1317 tok/s | sup 19017 tok/step | ema_loss 1.1936 | ema_ppl 3.5 | ema_acc 0.754 | ema_grad 1.83
  window(n=10): sup 20905 +/- 6784 [12332..30400] tok/step | loss 1.236 +/- 0.443 | skipped 0
step 214370 | loss 0.4797 | ppl 1.6 | acc 0.874 | lr 8.31e-05 | grad_norm 1.47 | 995 tok/s | sup 30400 tok/step | ema_loss 1.1969 | ema_ppl 3.6 | ema_acc 0.748 | ema_grad 2.04
  skipped micro-step: loss 8.28 (per-token threshold 5.0)
  skipped micro-step: loss 8.11 (per-token threshold 5.0)
  skipped micro-step: loss 9.31 (per-token threshold 5.0)
saved checkpoint: ./checkpoints/step_big_fim_214375.pt (model only)
===== step 214375 | FIM checkpoint sample =====
-- context --
(none)
-- <fim_prefix> --
<lang>php</lang><?php

if(!isset($routes))
{
    $routes = \Config\Services::routes(true);
}

$routes->group('streamer', ['namespace' => 'App\Modules\Notifications\Controller
s'], function($subroutes){

	$subroutes->add('get', 'Controller::index');

-- <fim_suffix> --
<lang>php</lang>
	$subroutes->add('update', 'NotificationController::update');
	$subroutes->add('delete', 'NotificationController::delete');
	$subroutes->add('delete-forever', 'NotificationController::deleteForever');

});
-- <fim_middle> | model output --

	$subroutes->add('add', 'Controller::add');
	$subroutes->add('add-forever', 'Controller::addForever');
	$subroutes->add('view', 'Controller::view');

-- final code (prefix + generated + suffix) --
<lang>php</lang><?php

if(!isset($routes))
{
    $routes = \Config\Services::routes(true);
}

$routes->group('streamer', ['namespace' => 'App\Modules\Notifications\Controller
s'], function($subroutes){

	$subroutes->add('get', 'Controller::index');

	$subroutes->add('add', 'Controller::add');
	$subroutes->add('add-forever', 'Controller::addForever');
	$subroutes->add('view', 'Controller::view');
<lang>php</lang>
	$subroutes->add('update', 'NotificationController::update');
	$subroutes->add('delete', 'NotificationController::delete');
	$subroutes->add('delete-forever', 'NotificationController::deleteForever');

});
============================================================================

removed old checkpoint: step_big_fim_214250.pt
  eval @ step 214375: loss 1.2724 | ppl 3.6
  fim eval @ step 214375: loss 1.1785 | ppl 3.2
  fim gen eval @ step 214375: top1_tf 0.272 | prefix_acc 0.152 | exact@32 0.06 | first-line 0.22 | edit-sim 0.297
  skipped micro-step: loss 8.83 (per-token threshold 5.0)
  skipped micro-step: loss 10.66 (per-token threshold 5.0)
  window(n=10): sup 12803 +/- 7307 [6739..30341] tok/step | loss 1.199 +/- 0.193 | skipped 5
step 214380 | loss 1.0741 | ppl 2.9 | acc 0.788 | lr 8.31e-05 | grad_norm 1.67 | 1275 tok/s | sup 19870 tok/step | ema_loss 1.1972 | ema_ppl 3.5 | ema_acc 0.749 | ema_grad 1.98
  skipped micro-step: loss 7.54 (per-token threshold 5.0)
  window(n=10): sup 14409 +/- 3088 [9570..20167] tok/step | loss 1.186 +/- 0.287 | skipped 1
step 214390 | loss 1.1240 | ppl 3.1 | acc 0.758 | lr 8.31e-05 | grad_norm 0.96 | 875 tok/s | sup 9570 tok/step | ema_loss 1.1963 | ema_ppl 3.5 | ema_acc 0.750 | ema_grad 1.93
  skipped micro-step: loss 9.14 (per-token threshold 5.0)
  skipped micro-step: loss 8.12 (per-token threshold 5.0)
  skipped micro-step: loss 8.47 (per-token threshold 5.0)
  window(n=10): sup 11273 +/- 3823 [5305..16842] tok/step | loss 1.207 +/- 0.244 | skipped 3
step 214400 | loss 1.2661 | ppl 3.5 | acc 0.766 | lr 8.31e-05 | grad_norm 2.05 | 822 tok/s | sup 12317 tok/step | ema_loss 1.1970 | ema_ppl 3.5 | ema_acc 0.750 | ema_grad 1.91
  skipped micro-step: loss 8.57 (per-token threshold 5.0)
  window(n=10): sup 11266 +/- 2820 [6599..14743] tok/step | loss 1.075 +/- 0.275 | skipped 1
step 214410 | loss 1.1441 | ppl 3.1 | acc 0.769 | lr 8.31e-05 | grad_norm 0.79 | 837 tok/s | sup 6639 tok/step | ema_loss 1.1860 | ema_ppl 3.5 | ema_acc 0.752 | ema_grad 1.84
  skipped micro-step: loss 8.02 (per-token threshold 5.0)
  skipped micro-step: loss 8.78 (per-token threshold 5.0)
  skipped micro-step: loss 8.44 (per-token threshold 5.0)
  window(n=10): sup 16067 +/- 5532 [6892..24286] tok/step | loss 0.975 +/- 0.388 | skipped 3
step 214420 | loss 0.4430 | ppl 1.6 | acc 0.917 | lr 8.31e-05 | grad_norm 4.06 | 731 tok/s | sup 21264 tok/step | ema_loss 1.1650 | ema_ppl 3.4 | ema_acc 0.758 | ema_grad 1.84
  window(n=10): sup 16131 +/- 3440 [12481..22413] tok/step | loss 0.747 +/- 0.252 | skipped 0
step 214430 | loss 1.1917 | ppl 3.3 | acc 0.762 | lr 8.31e-05 | grad_norm 1.77 | 303 tok/s | sup 13471 tok/step | ema_loss 1.1251 | ema_ppl 3.3 | ema_acc 0.766 | ema_grad 1.81
  skipped micro-step: loss 8.79 (per-token threshold 5.0)
  skipped micro-step: loss 8.77 (per-token threshold 5.0)
  window(n=10): sup 11255 +/- 5013 [5032..21408] tok/step | loss 1.084 +/- 0.253 | skipped 2
step 214440 | loss 1.0315 | ppl 2.8 | acc 0.796 | lr 8.31e-05 | grad_norm 1.74 | 1482 tok/s | sup 18003 tok/step | ema_loss 1.1216 | ema_ppl 3.3 | ema_acc 0.766 | ema_grad 1.75
  window(n=10): sup 17614 +/- 4298 [13288..26090] tok/step | loss 1.196 +/- 0.257 | skipped 0
step 214450 | loss 1.1842 | ppl 3.3 | acc 0.754 | lr 8.31e-05 | grad_norm 1.52 | 1510 tok/s | sup 17264 tok/step | ema_loss 1.1283 | ema_ppl 3.3 | ema_acc 0.765 | ema_grad 1.76
  skipped micro-step: loss 9.64 (per-token threshold 5.0)
  skipped micro-step: loss 8.67 (per-token threshold 5.0)
  skipped micro-step: loss 8.11 (per-token threshold 5.0)
  skipped micro-step: loss 8.77 (per-token threshold 5.0)
  window(n=10): sup 11006 +/- 4386 [6525..20143] tok/step | loss 1.207 +/- 0.216 | skipped 4
step 214460 | loss 1.2089 | ppl 3.3 | acc 0.772 | lr 8.31e-05 | grad_norm 2.36 | 661 tok/s | sup 20143 tok/step | ema_loss 1.1355 | ema_ppl 3.3 | ema_acc 0.764 | ema_grad 1.72
  skipped micro-step: loss 8.94 (per-token threshold 5.0)
  skipped micro-step: loss 7.54 (per-token threshold 5.0)
  window(n=10): sup 19791 +/- 4908 [13042..30727] tok/step | loss 0.863 +/- 0.335 | skipped 2
step 214470 | loss 1.0292 | ppl 2.8 | acc 0.833 | lr 8.31e-05 | grad_norm 1.29 | 783 tok/s | sup 14264 tok/step | ema_loss 1.1090 | ema_ppl 3.2 | ema_acc 0.770 | ema_grad 1.71
  skipped micro-step: loss 8.15 (per-token threshold 5.0)
  skipped micro-step: loss 8.64 (per-token threshold 5.0)
  skipped micro-step: loss 8.99 (per-token threshold 5.0)
  window(n=10): sup 12731 +/- 8521 [5604..35412] tok/step | loss 1.228 +/- 0.135 | skipped 3
step 214480 | loss 1.4531 | ppl 4.3 | acc 0.716 | lr 8.31e-05 | grad_norm 2.83 | 1306 tok/s | sup 35412 tok/step | ema_loss 1.1205 | ema_ppl 3.2 | ema_acc 0.768 | ema_grad 1.68
  skipped micro-step: loss 9.16 (per-token threshold 5.0)
  window(n=10): sup 20354 +/- 5778 [14264..31169] tok/step | loss 1.167 +/- 0.193 | skipped 1
step 214490 | loss 0.8089 | ppl 2.2 | acc 0.829 | lr 8.31e-05 | grad_norm 2.27 | 618 tok/s | sup 19638 tok/step | ema_loss 1.1249 | ema_ppl 3.2 | ema_acc 0.768 | ema_grad 1.71
  window(n=10): sup 19700 +/- 4547 [12908..28285] tok/step | loss 0.901 +/- 0.248 | skipped 0
step 214500 | loss 0.8734 | ppl 2.4 | acc 0.823 | lr 8.31e-05 | grad_norm 1.27 | 201 tok/s | sup 14916 tok/step | ema_loss 1.1031 | ema_ppl 3.2 | ema_acc 0.772 | ema_grad 1.75
saved checkpoint: ./checkpoints/step_big_fim_214500.pt
===== step 214500 | FIM checkpoint sample =====
-- context --
(none)
-- <fim_prefix> --
<lang>php</lang><?php

namespace App\Http\Controllers;

use Illuminate\Http\Request;
use App\Comment;

class CommentController extends Controller
{
    public function __construct()
    {
        $this->middleware('auth');
    }

    /**
     * Store a newly created resource in storage.
     *
     * @param  \Illuminate\Http\Request  $request
     * @return \Illuminate\Http\Response
     */
    public function store(Request $request, $id)
    {
        Comment::create([
            'user_id' => auth()->user()->id,

-- <fim_suffix> --
<lang>php</lang>}

-- <fim_middle> | model output --
           'comment_id' => $id,
            'comment_date' => \App\Comment::create([
                'comment' => $this->comment,
            ]),
            'comment_body' => $this->comment
        ]);
        return redirect()->route('comments')->with('success', 'Comment added suc
cessfully');
    }

-- final code (prefix + generated + suffix) --
<lang>php</lang><?php

namespace App\Http\Controllers;

use Illuminate\Http\Request;
use App\Comment;

class CommentController extends Controller
{
    public function __construct()
    {
        $this->middleware('auth');
    }

    /**
     * Store a newly created resource in storage.
     *
     * @param  \Illuminate\Http\Request  $request
     * @return \Illuminate\Http\Response
     */
    public function store(Request $request, $id)
    {
        Comment::create([
            'user_id' => auth()->user()->id,
           'comment_id' => $id,
            'comment_date' => \App\Comment::create([
                'comment' => $this->comment,
            ]),
            'comment_body' => $this->comment
        ]);
        return redirect()->route('comments')->with('success', 'Comment added suc
cessfully');
    }
<lang>php</lang>}

============================================================================

removed old checkpoint: step_big_fim_214375.pt
  eval @ step 214500: loss 1.2723 | ppl 3.6
  fim eval @ step 214500: loss 1.1789 | ppl 3.3
  fim gen eval @ step 214500: top1_tf 0.273 | prefix_acc 0.124 | exact@32 0.03 | first-line 0.22 | edit-sim 0.269
  skipped micro-step: loss 8.57 (per-token threshold 5.0)
  skipped micro-step: loss 9.03 (per-token threshold 5.0)
  skipped micro-step: loss 7.91 (per-token threshold 5.0)
  skipped micro-step: loss 8.53 (per-token threshold 5.0)
  window(n=10): sup 15170 +/- 6903 [5143..27279] tok/step | loss 1.061 +/- 0.344 | skipped 4
step 214510 | loss 1.0139 | ppl 2.8 | acc 0.790 | lr 8.31e-05 | grad_norm 1.93 | 520 tok/s | sup 25195 tok/step | ema_loss 1.0991 | ema_ppl 3.2 | ema_acc 0.773 | ema_grad 1.72
  skipped micro-step: loss 8.08 (per-token threshold 5.0)
  skipped micro-step: loss 8.16 (per-token threshold 5.0)
  skipped micro-step: loss 8.80 (per-token threshold 5.0)
  window(n=10): sup 17893 +/- 4941 [12270..28411] tok/step | loss 1.058 +/- 0.616 | skipped 3
step 214520 | loss 0.2561 | ppl 1.3 | acc 0.945 | lr 8.31e-05 | grad_norm 1.05 | 958 tok/s | sup 28411 tok/step | ema_loss 1.0944 | ema_ppl 3.2 | ema_acc 0.774 | ema_grad 1.75
  skipped micro-step: loss 8.27 (per-token threshold 5.0)
  skipped micro-step: loss 8.13 (per-token threshold 5.0)
  skipped micro-step: loss 7.13 (per-token threshold 5.0)
  skipped micro-step: loss 8.16 (per-token threshold 5.0)
  window(n=10): sup 11372 +/- 5697 [5618..21774] tok/step | loss 1.447 +/- 0.185 | skipped 4
step 214530 | loss 1.7373 | ppl 5.7 | acc 0.677 | lr 8.31e-05 | grad_norm 2.75 | 708 tok/s | sup 21774 tok/step | ema_loss 1.1282 | ema_ppl 3.3 | ema_acc 0.769 | ema_grad 1.72
  window(n=10): sup 17640 +/- 5778 [12474..30772] tok/step | loss 0.855 +/- 0.336 | skipped 0
step 214540 | loss 0.4588 | ppl 1.6 | acc 0.903 | lr 8.31e-05 | grad_norm 0.79 | 419 tok/s | sup 12651 tok/step | ema_loss 1.1018 | ema_ppl 3.2 | ema_acc 0.775 | ema_grad 1.70
  skipped micro-step: loss 8.99 (per-token threshold 5.0)
  window(n=10): sup 20371 +/- 5270 [13958..29363] tok/step | loss 1.007 +/- 0.314 | skipped 1
step 214550 | loss 1.4179 | ppl 4.1 | acc 0.729 | lr 8.30e-05 | grad_norm 1.53 | 1108 tok/s | sup 16954 tok/step | ema_loss 1.0932 | ema_ppl 3.2 | ema_acc 0.778 | ema_grad 1.70
  skipped micro-step: loss 7.90 (per-token threshold 5.0)
  skipped micro-step: loss 7.79 (per-token threshold 5.0)
  skipped micro-step: loss 8.60 (per-token threshold 5.0)
  window(n=10): sup 14394 +/- 2846 [9391..19368] tok/step | loss 1.371 +/- 0.096 | skipped 3
step 214560 | loss 1.3304 | ppl 3.8 | acc 0.738 | lr 8.30e-05 | grad_norm 1.05 | 1270 tok/s | sup 9391 tok/step | ema_loss 1.1199 | ema_ppl 3.3 | ema_acc 0.774 | ema_grad 1.68
  skipped micro-step: loss 8.01 (per-token threshold 5.0)
  skipped micro-step: loss 8.63 (per-token threshold 5.0)
  skipped micro-step: loss 8.27 (per-token threshold 5.0)
  skipped micro-step: loss 8.09 (per-token threshold 5.0)
  window(n=10): sup 15816 +/- 3875 [8956..23340] tok/step | loss 1.018 +/- 0.269 | skipped 4
step 214570 | loss 1.0145 | ppl 2.8 | acc 0.789 | lr 8.30e-05 | grad_norm 1.46 | 1146 tok/s | sup 14502 tok/step | ema_loss 1.1101 | ema_ppl 3.2 | ema_acc 0.776 | ema_grad 1.69
  skipped micro-step: loss 8.13 (per-token threshold 5.0)
  skipped micro-step: loss 8.51 (per-token threshold 5.0)
  skipped micro-step: loss 8.14 (per-token threshold 5.0)
  skipped micro-step: loss 8.56 (per-token threshold 5.0)
  skipped micro-step: loss 9.12 (per-token threshold 5.0)
  window(n=10): sup 10608 +/- 5741 [4531..23490] tok/step | loss 1.303 +/- 0.203 | skipped 5
step 214580 | loss 1.6496 | ppl 5.2 | acc 0.688 | lr 8.30e-05 | grad_norm 2.69 | 1594 tok/s | sup 23490 tok/step | ema_loss 1.1288 | ema_ppl 3.3 | ema_acc 0.772 | ema_grad 1.65
  window(n=10): sup 17473 +/- 4624 [12295..26798] tok/step | loss 1.397 +/- 0.444 | skipped 0
step 214590 | loss 0.8630 | ppl 2.4 | acc 0.822 | lr 8.30e-05 | grad_norm 2.20 | 864 tok/s | sup 12980 tok/step | ema_loss 1.1537 | ema_ppl 3.4 | ema_acc 0.768 | ema_grad 1.79
  window(n=10): sup 11356 +/- 4922 [6219..21781] tok/step | loss 1.175 +/- 0.219 | skipped 0
step 214600 | loss 1.3997 | ppl 4.1 | acc 0.721 | lr 8.30e-05 | grad_norm 1.25 | 1364 tok/s | sup 9731 tok/step | ema_loss 1.1561 | ema_ppl 3.4 | ema_acc 0.767 | ema_grad 1.74
  window(n=10): sup 16187 +/- 3778 [12036..24750] tok/step | loss 1.349 +/- 0.465 | skipped 0
step 214610 | loss 1.5392 | ppl 4.7 | acc 0.708 | lr 8.30e-05 | grad_norm 2.06 | 867 tok/s | sup 13032 tok/step | ema_loss 1.1752 | ema_ppl 3.5 | ema_acc 0.764 | ema_grad 1.83
  skipped micro-step: loss 8.37 (per-token threshold 5.0)
  window(n=10): sup 16540 +/- 2908 [13022..20173] tok/step | loss 1.412 +/- 0.072 | skipped 1
step 214620 | loss 1.4578 | ppl 4.3 | acc 0.721 | lr 8.30e-05 | grad_norm 1.19 | 289 tok/s | sup 13022 tok/step | ema_loss 1.1978 | ema_ppl 3.5 | ema_acc 0.761 | ema_grad 1.80
saved checkpoint: ./checkpoints/step_big_fim_214625.pt (model only)
===== step 214625 | FIM checkpoint sample =====
-- context --
(none)
-- <fim_prefix> --
<lang>tsx</lang>/**
 * @file Skeleton.tsx
 * @description Skeleton UI
 */
import { CSSProperties } from 'react'
import cn from 'classnames'

interface Props {
  width?: string
  height?: string
  className?: string
  style?: CSSProperties
  borderRadius?: string
  shape?: 'circle' | 'rect'
  wrapperStyle?: CSSProperties
}

-- <fim_suffix> --
<lang>tsx</lang>     style={{
        display: 'flex',
        justifyContent: 'center',
        ...wrapperStyle,
      }}
      className={cn('skeleton-wrapper')}
    >
      <span
        style={{
          width,
          height,
          borderRadius: shape === 'circle' ? '50%' : borderRadius,
          background: '#f4f4f4',
          ...style,
        }}
        className={cn(className, 'skeleton-box')}
      />
    </span>
  )
}

export default Skeleton

-- <fim_middle> | model output --

const Skeleton: React.FC<Props> = ({
  width,
  height,
  className,
  shape,
  wrapperStyle,
  width,
  shape,
  wrapperStyle,
}) => {
  return (
    <span
      className={cn('skeleton-content', customStyle)}

-- final code (prefix + generated + suffix) --
<lang>tsx</lang>/**
 * @file Skeleton.tsx
 * @description Skeleton UI
 */
import { CSSProperties } from 'react'
import cn from 'classnames'

interface Props {
  width?: string
  height?: string
  className?: string
  style?: CSSProperties
  borderRadius?: string
  shape?: 'circle' | 'rect'
  wrapperStyle?: CSSProperties
}

const Skeleton: React.FC<Props> = ({
  width,
  height,
  className,
  shape,
  wrapperStyle,
  width,
  shape,
  wrapperStyle,
}) => {
  return (
    <span
      className={cn('skeleton-content', customStyle)}
<lang>tsx</lang>     style={{
        display: 'flex',
        justifyContent: 'center',
        ...wrapperStyle,
      }}
      className={cn('skeleton-wrapper')}
    >
      <span
        style={{
          width,
          height,
          borderRadius: shape === 'circle' ? '50%' : borderRadius,
          background: '#f4f4f4',
          ...style,
        }}
        className={cn(className, 'skeleton-box')}
      />
    </span>
  )
}

export default Skeleton

============================================================================

removed old checkpoint: step_big_fim_214500.pt
  eval @ step 214625: loss 1.2721 | ppl 3.6
  fim eval @ step 214625: loss 1.1790 | ppl 3.3
  fim gen eval @ step 214625: top1_tf 0.273 | prefix_acc 0.152 | exact@32 0.06 | first-line 0.22 | edit-sim 0.304
  window(n=10): sup 16220 +/- 3250 [12321..20851] tok/step | loss 1.376 +/- 0.039 | skipped 0
step 214630 | loss 1.4267 | ppl 4.2 | acc 0.718 | lr 8.30e-05 | grad_norm 1.22 | 406 tok/s | sup 12351 tok/step | ema_loss 1.2149 | ema_ppl 3.6 | ema_acc 0.758 | ema_grad 1.77
  skipped micro-step: loss 8.08 (per-token threshold 5.0)
  window(n=10): sup 18028 +/- 5158 [12274..30303] tok/step | loss 1.191 +/- 0.232 | skipped 1
step 214640 | loss 1.0468 | ppl 2.8 | acc 0.789 | lr 8.30e-05 | grad_norm 1.36 | 895 tok/s | sup 15582 tok/step | ema_loss 1.2123 | ema_ppl 3.6 | ema_acc 0.758 | ema_grad 1.76
  skipped micro-step: loss 8.69 (per-token threshold 5.0)
  skipped micro-step: loss 8.58 (per-token threshold 5.0)
  skipped micro-step: loss 8.35 (per-token threshold 5.0)
  window(n=10): sup 11146 +/- 6164 [6330..28061] tok/step | loss 1.218 +/- 0.230 | skipped 3
step 214650 | loss 0.8168 | ppl 2.3 | acc 0.804 | lr 8.30e-05 | grad_norm 3.45 | 1027 tok/s | sup 28061 tok/step | ema_loss 1.2127 | ema_ppl 3.6 | ema_acc 0.757 | ema_grad 1.72
  skipped micro-step: loss 8.36 (per-token threshold 5.0)
  skipped micro-step: loss 8.53 (per-token threshold 5.0)
  skipped micro-step: loss 7.49 (per-token threshold 5.0)
  window(n=10): sup 17973 +/- 6096 [12189..30898] tok/step | loss 0.898 +/- 0.263 | skipped 3
step 214660 | loss 0.7572 | ppl 2.1 | acc 0.844 | lr 8.30e-05 | grad_norm 1.11 | 503 tok/s | sup 14751 tok/step | ema_loss 1.1821 | ema_ppl 3.5 | ema_acc 0.762 | ema_grad 1.75
  skipped micro-step: loss 8.35 (per-token threshold 5.0)
  skipped micro-step: loss 8.04 (per-token threshold 5.0)
  window(n=10): sup 12964 +/- 5157 [6612..21902] tok/step | loss 1.079 +/- 0.282 | skipped 2
step 214670 | loss 1.1585 | ppl 3.2 | acc 0.751 | lr 8.30e-05 | grad_norm 1.26 | 1590 tok/s | sup 12057 tok/step | ema_loss 1.1728 | ema_ppl 3.4 | ema_acc 0.763 | ema_grad 1.71
  skipped micro-step: loss 8.10 (per-token threshold 5.0)
  window(n=10): sup 18193 +/- 5516 [13019..28952] tok/step | loss 1.238 +/- 0.345 | skipped 1
step 214680 | loss 1.0200 | ppl 2.8 | acc 0.791 | lr 8.30e-05 | grad_norm 2.64 | 921 tok/s | sup 13311 tok/step | ema_loss 1.1783 | ema_ppl 3.4 | ema_acc 0.763 | ema_grad 1.74
  skipped micro-step: loss 8.83 (per-token threshold 5.0)
  window(n=10): sup 16578 +/- 4271 [12398..27812] tok/step | loss 0.806 +/- 0.325 | skipped 1
step 214690 | loss 0.7116 | ppl 2.0 | acc 0.860 | lr 8.30e-05 | grad_norm 0.95 | 419 tok/s | sup 12398 tok/step | ema_loss 1.1420 | ema_ppl 3.3 | ema_acc 0.770 | ema_grad 1.76
  skipped micro-step: loss 8.24 (per-token threshold 5.0)
  skipped micro-step: loss 8.29 (per-token threshold 5.0)
  skipped micro-step: loss 8.59 (per-token threshold 5.0)
  window(n=10): sup 13787 +/- 6159 [4807..23834] tok/step | loss 1.059 +/- 0.418 | skipped 3
step 214700 | loss 0.9458 | ppl 2.6 | acc 0.815 | lr 8.30e-05 | grad_norm 1.81 | 1503 tok/s | sup 21685 tok/step | ema_loss 1.1337 | ema_ppl 3.3 | ema_acc 0.771 | ema_grad 1.73
  skipped micro-step: loss 8.32 (per-token threshold 5.0)
  skipped micro-step: loss 8.42 (per-token threshold 5.0)
  skipped micro-step: loss 9.02 (per-token threshold 5.0)
  window(n=10): sup 15027 +/- 4592 [8944..22173] tok/step | loss 1.118 +/- 0.324 | skipped 3
step 214710 | loss 1.4423 | ppl 4.2 | acc 0.710 | lr 8.30e-05 | grad_norm 1.08 | 1380 tok/s | sup 8944 tok/step | ema_loss 1.1326 | ema_ppl 3.3 | ema_acc 0.771 | ema_grad 1.69
  skipped micro-step: loss 8.11 (per-token threshold 5.0)
  skipped micro-step: loss 8.07 (per-token threshold 5.0)
  window(n=10): sup 13649 +/- 5701 [4387..23878] tok/step | loss 1.190 +/- 0.243 | skipped 2
step 214720 | loss 0.9675 | ppl 2.6 | acc 0.786 | lr 8.30e-05 | grad_norm 1.37 | 600 tok/s | sup 17931 tok/step | ema_loss 1.1375 | ema_ppl 3.3 | ema_acc 0.770 | ema_grad 1.67
  skipped micro-step: loss 7.76 (per-token threshold 5.0)
  window(n=10): sup 10891 +/- 3208 [4966..15258] tok/step | loss 1.119 +/- 0.266 | skipped 1
step 214730 | loss 1.1453 | ppl 3.1 | acc 0.745 | lr 8.30e-05 | grad_norm 0.95 | 1215 tok/s | sup 8793 tok/step | ema_loss 1.1362 | ema_ppl 3.3 | ema_acc 0.769 | ema_grad 1.63
  skipped micro-step: loss 8.74 (per-token threshold 5.0)
  window(n=10): sup 17844 +/- 5258 [8351..28268] tok/step | loss 1.121 +/- 0.233 | skipped 1
step 214740 | loss 1.2873 | ppl 3.6 | acc 0.736 | lr 8.30e-05 | grad_norm 2.17 | 648 tok/s | sup 18632 tok/step | ema_loss 1.1348 | ema_ppl 3.3 | ema_acc 0.769 | ema_grad 1.66
  skipped micro-step: loss 7.93 (per-token threshold 5.0)
  window(n=10): sup 16532 +/- 5395 [12282..27167] tok/step | loss 0.975 +/- 0.180 | skipped 1
step 214750 | loss 0.8613 | ppl 2.4 | acc 0.788 | lr 8.30e-05 | grad_norm 1.14 | 276 tok/s | sup 12282 tok/step | ema_loss 1.1192 | ema_ppl 3.2 | ema_acc 0.769 | ema_grad 1.66
saved checkpoint: ./checkpoints/step_big_fim_214750.pt (model only)
===== step 214750 | FIM checkpoint sample =====
-- context --
(none)
-- <fim_prefix> --
[...] <head>
  <meta charset="UTF-8">
  <meta name="viewport" content="width=device-width, initial-scale=1">

  <meta property="og:url" content="https://qmacro.org/tweets/qmacro/status/34087
674834853888" />
  <meta property="og:title" content="<NAME> on Twitter (archived)" />
  <meta property="og:description" content="(via @rael) @mattknox: forgive, forge
t; hello, goodbye; mistake, intent; attest, disprove; suppose, assume, believe.
Hmm, lots?" />



  <title>(via @rael) @mattknox: forgive, forget; hello, goodbye; mistake, intent
; attest, disprove; suppose, assume, believe. Hmm, lots?</title>

-- <fim_suffix> --
<lang>html</lang></head>
<body>
  <div class="wrapper">
  	<div class="flex-wrap">
      <a href="../../../">
        <p>&larr; @qmacro tweet archive</p>
      </a>

  	  <article class="tweet  " id="main">
  	    <p class="display_name">
  	      <NAME>
  	    </p>
  	    <p class="user_name">
  	      @qmacro
  	    </p>
  	    <p class="full_text">
  	      (via @rael) @mattknox: forgive, forget; hello, goodbye; mistake, intent
; attest, disprove; suppose, assume, believe. Hmm, lots?
  	    </p>
  	    <p class="created_at">
  	      06/02/2011, 03:15:09
  	    </p>
  	    <p class="fa [...]
-- <fim_middle> | model output --
 <link rel="stylesheet" href="../../../styles.css">
  <link rel="preconnect" href="https://fonts.gstatic.com">
  <link rel="stylesheet" href="https://fonts.googleapis.com/css2?family=IBM+Plex
+Sans&display=swap">

-- final code (prefix + generated + suffix) --
<lang>html</lang><!DOCTYPE html>
<html lang="en">
<head>
  <meta charset="UTF-8">
  <meta name="viewport" content="width=device-width, initial-scale=1">

  <meta property="og:url" content="https://qmacro.org/tweets/qmacro/status/34087
674834853888" />
  <meta property="og:title" content="<NAME> on Twitter (archived)" />
  <meta property="og:description" content="(via @rael) @mattknox: forgive, forge
t; hello, goodbye; mistake, intent; attest, disprove; suppose, assume, believe.
Hmm, lots?" />



  <title>(via @rael) @mattknox: forgive, forget; hello, goodbye; mistake, intent
; attest, disprove; suppose, assume, believe. Hmm, lots?</title>
 <link rel="stylesheet" href="../../../styles.css">
  <link rel="preconnect" href="https://fonts.gstatic.com">
  <link rel="stylesheet" href="https://fonts.googleapis.com/css2?family=IBM+Plex
+Sans&display=swap">
<lang>html</lang></head>
<body>
  <div class="wrapper">
  	<div class="flex-wrap">
      <a href="../../../">
        <p>&larr; @qmacro tweet archive</p>
      </a>

  	  <article class="tweet  " id="main">
  	    <p class="display_name">
  	      <NAME>
  	    </p>
  	    <p class="user_name">
  	      @qmacro
  	    </p>
  	    <p class="full_text">
  	      (via @rael) @mattknox: forgive, forget; hello, goodbye; mistake, intent
; attest, disprove; suppose, assume, believe. Hmm, lots?
  	    </p>
  	    <p class="created_at">
  	      06/02/2011, 03:15:09
  	    </p>
  	    <p class="favorite_count">Favs: 0</p>
  	    <p class="retweet_count">Retweets: 0</p>
  	    <a class="permalink" href="../34087674834853888">link</a>
  	  </article>

  	</div>
  </div>
</body>
<script>
document.getElementById('main').scrollIntoView();
</script>
</html>
============================================================================

removed old checkpoint: step_big_fim_214625.pt
  eval @ step 214750: loss 1.2721 | ppl 3.6
  fim eval @ step 214750: loss 1.1790 | ppl 3.3
  fim gen eval @ step 214750: top1_tf 0.273 | prefix_acc 0.123 | exact@32 0.03 | first-line 0.22 | edit-sim 0.269
  window(n=10): sup 15025 +/- 3326 [12025..21122] tok/step | loss 0.806 +/- 0.099 | skipped 0
step 214760 | loss 0.7674 | ppl 2.2 | acc 0.811 | lr 8.30e-05 | grad_norm 1.57 | 274 tok/s | sup 12025 tok/step | ema_loss 1.0892 | ema_ppl 3.1 | ema_acc 0.772 | ema_grad 1.63
  window(n=10): sup 15933 +/- 3760 [12436..24526] tok/step | loss 1.191 +/- 0.521 | skipped 0
step 214770 | loss 0.8367 | ppl 2.3 | acc 0.802 | lr 8.30e-05 | grad_norm 1.27 | 1141 tok/s | sup 16776 tok/step | ema_loss 1.0992 | ema_ppl 3.2 | ema_acc 0.771 | ema_grad 1.65
  skipped micro-step: loss 10.56 (per-token threshold 5.0)
  window(n=10): sup 17893 +/- 4405 [12192..24095] tok/step | loss 0.836 +/- 0.318 | skipped 1
step 214780 | loss 1.1646 | ppl 3.2 | acc 0.759 | lr 8.30e-05 | grad_norm 1.34 | 350 tok/s | sup 13104 tok/step | ema_loss 1.0743 | ema_ppl 3.1 | ema_acc 0.775 | ema_grad 1.68
  skipped micro-step: loss 8.76 (per-token threshold 5.0)
  skipped micro-step: loss 8.11 (per-token threshold 5.0)
  skipped micro-step: loss 7.63 (per-token threshold 5.0)
  skipped micro-step: loss 8.21 (per-token threshold 5.0)
  skipped micro-step: loss 8.53 (per-token threshold 5.0)
  window(n=10): sup 12471 +/- 6506 [5480..23579] tok/step | loss 1.108 +/- 0.234 | skipped 5
step 214790 | loss 0.8203 | ppl 2.3 | acc 0.817 | lr 8.30e-05 | grad_norm 4.50 | 678 tok/s | sup 22285 tok/step | ema_loss 1.0773 | ema_ppl 3.1 | ema_acc 0.774 | ema_grad 1.66
  skipped micro-step: loss 8.46 (per-token threshold 5.0)
  skipped micro-step: loss 7.70 (per-token threshold 5.0)
  window(n=10): sup 18091 +/- 4667 [12125..26775] tok/step | loss 1.121 +/- 0.264 | skipped 2
step 214800 | loss 1.3758 | ppl 4.0 | acc 0.681 | lr 8.30e-05 | grad_norm 1.66 | 824 tok/s | sup 12125 tok/step | ema_loss 1.0815 | ema_ppl 3.1 | ema_acc 0.772 | ema_grad 1.73
  skipped micro-step: loss 8.17 (per-token threshold 5.0)
  skipped micro-step: loss 8.02 (per-token threshold 5.0)
  skipped micro-step: loss 7.86 (per-token threshold 5.0)
  skipped micro-step: loss 7.83 (per-token threshold 5.0)
  window(n=10): sup 12875 +/- 6778 [5724..25225] tok/step | loss 1.140 +/- 0.133 | skipped 4
step 214810 | loss 1.0268 | ppl 2.8 | acc 0.796 | lr 8.30e-05 | grad_norm 2.22 | 894 tok/s | sup 25209 tok/step | ema_loss 1.0868 | ema_ppl 3.1 | ema_acc 0.771 | ema_grad 1.69
  skipped micro-step: loss 7.30 (per-token threshold 5.0)
  skipped micro-step: loss 8.69 (per-token threshold 5.0)
  window(n=10): sup 15242 +/- 3149 [11940..23306] tok/step | loss 1.136 +/- 0.408 | skipped 2
step 214820 | loss 1.1236 | ppl 3.1 | acc 0.777 | lr 8.30e-05 | grad_norm 1.14 | 983 tok/s | sup 11940 tok/step | ema_loss 1.0916 | ema_ppl 3.2 | ema_acc 0.770 | ema_grad 1.70
  skipped micro-step: loss 8.02 (per-token threshold 5.0)
  skipped micro-step: loss 8.74 (per-token threshold 5.0)
  window(n=10): sup 12157 +/- 6166 [5685..27880] tok/step | loss 1.159 +/- 0.258 | skipped 2
step 214830 | loss 0.7984 | ppl 2.2 | acc 0.841 | lr 8.30e-05 | grad_norm 1.32 | 544 tok/s | sup 16625 tok/step | ema_loss 1.0974 | ema_ppl 3.2 | ema_acc 0.769 | ema_grad 1.65
  window(n=10): sup 19137 +/- 3444 [13469..25915] tok/step | loss 1.582 +/- 0.788 | skipped 0
step 214840 | loss 2.5089 | ppl 12.3 | acc 0.590 | lr 8.30e-05 | grad_norm 5.75 | 744 tok/s | sup 22264 tok/step | ema_loss 1.1442 | ema_ppl 3.5 | ema_acc 0.766 | ema_grad 1.79
  skipped micro-step: loss 9.08 (per-token threshold 5.0)
  skipped micro-step: loss 8.41 (per-token threshold 5.0)
  skipped micro-step: loss 8.22 (per-token threshold 5.0)
  skipped micro-step: loss 9.99 (per-token threshold 5.0)
  skipped micro-step: loss 9.32 (per-token threshold 5.0)
  window(n=10): sup 9527 +/- 3966 [4855..18281] tok/step | loss 1.218 +/- 0.219 | skipped 5
step 214850 | loss 0.7988 | ppl 2.2 | acc 0.851 | lr 8.30e-05 | grad_norm 1.98 | 950 tok/s | sup 13742 tok/step | ema_loss 1.1512 | ema_ppl 3.5 | ema_acc 0.765 | ema_grad 1.73
  skipped micro-step: loss 7.57 (per-token threshold 5.0)
  skipped micro-step: loss 8.25 (per-token threshold 5.0)
  window(n=10): sup 13709 +/- 5604 [6240..27801] tok/step | loss 1.560 +/- 0.813 | skipped 2
step 214860 | loss 1.3807 | ppl 4.0 | acc 0.722 | lr 8.30e-05 | grad_norm 1.07 | 1455 tok/s | sup 8661 tok/step | ema_loss 1.1893 | ema_ppl 4.0 | ema_acc 0.759 | ema_grad 1.77
  skipped micro-step: loss 8.30 (per-token threshold 5.0)
  skipped micro-step: loss 8.12 (per-token threshold 5.0)
  skipped micro-step: loss 8.43 (per-token threshold 5.0)
  window(n=10): sup 13785 +/- 5871 [5287..24024] tok/step | loss 1.391 +/- 0.250 | skipped 3
step 214870 | loss 1.7746 | ppl 5.9 | acc 0.718 | lr 8.30e-05 | grad_norm 11.62 | 965 tok/s | sup 14202 tok/step | ema_loss 1.2088 | ema_ppl 4.0 | ema_acc 0.757 | ema_grad 1.96
saved checkpoint: ./checkpoints/step_big_fim_214875.pt (model only)
===== step 214875 | FIM checkpoint sample =====
-- context --
(none)
-- <fim_prefix> --
<lang>c#</lang>﻿using HotelListingV2.Models.Users;
using System.ComponentModel.DataAnnotations;


-- <fim_suffix> --
<lang>c#</lang>   {
        [Required]
        public string FirstName { get; set; }
        [Required]
        public string LastName { get; set; }

    }
}

-- <fim_middle> | model output --
namespace HotelListingV2.ViewModels.Users
{
    public class CarViewModel
    {
        [Required]

-- final code (prefix + generated + suffix) --
<lang>c#</lang>﻿using HotelListingV2.Models.Users;
using System.ComponentModel.DataAnnotations;

namespace HotelListingV2.ViewModels.Users
{
    public class CarViewModel
    {
        [Required]
<lang>c#</lang>   {
        [Required]
        public string FirstName { get; set; }
        [Required]
        public string LastName { get; set; }

    }
}

============================================================================

removed old checkpoint: step_big_fim_214750.pt
  eval @ step 214875: loss 1.2721 | ppl 3.6
  fim eval @ step 214875: loss 1.1788 | ppl 3.3
  fim gen eval @ step 214875: top1_tf 0.273 | prefix_acc 0.123 | exact@32 0.03 | first-line 0.22 | edit-sim 0.279
  window(n=10): sup 12773 +/- 5258 [5806..24064] tok/step | loss 1.275 +/- 0.178 | skipped 0
step 214880 | loss 1.2836 | ppl 3.6 | acc 0.734 | lr 8.30e-05 | grad_norm 1.01 | 1184 tok/s | sup 7785 tok/step | ema_loss 1.2152 | ema_ppl 3.9 | ema_acc 0.755 | ema_grad 1.91
  window(n=10): sup 19011 +/- 5151 [9237..28042] tok/step | loss 1.127 +/- 0.219 | skipped 0
step 214890 | loss 1.3406 | ppl 3.8 | acc 0.720 | lr 8.30e-05 | grad_norm 1.70 | 694 tok/s | sup 16586 tok/step | ema_loss 1.2067 | ema_ppl 3.9 | ema_acc 0.757 | ema_grad 1.91
  skipped micro-step: loss 8.12 (per-token threshold 5.0)
  skipped micro-step: loss 9.06 (per-token threshold 5.0)
  skipped micro-step: loss 8.08 (per-token threshold 5.0)
  skipped micro-step: loss 8.36 (per-token threshold 5.0)
  skipped micro-step: loss 8.63 (per-token threshold 5.0)
  window(n=10): sup 9167 +/- 2825 [6101..14293] tok/step | loss 1.379 +/- 0.192 | skipped 5
step 214900 | loss 1.2761 | ppl 3.6 | acc 0.749 | lr 8.30e-05 | grad_norm 1.52 | 1014 tok/s | sup 12014 tok/step | ema_loss 1.2231 | ema_ppl 3.9 | ema_acc 0.753 | ema_grad 1.83
  skipped micro-step: loss 8.87 (per-token threshold 5.0)
  window(n=10): sup 17657 +/- 4329 [12044..24115] tok/step | loss 1.107 +/- 0.316 | skipped 1
step 214910 | loss 1.5248 | ppl 4.6 | acc 0.582 | lr 8.30e-05 | grad_norm 3.48 | 817 tok/s | sup 12044 tok/step | ema_loss 1.2118 | ema_ppl 3.8 | ema_acc 0.752 | ema_grad 1.86
  skipped micro-step: loss 8.02 (per-token threshold 5.0)
  skipped micro-step: loss 8.49 (per-token threshold 5.0)
  skipped micro-step: loss 8.06 (per-token threshold 5.0)
  skipped micro-step: loss 8.18 (per-token threshold 5.0)
  skipped micro-step: loss 6.85 (per-token threshold 5.0)
  window(n=10): sup 19254 +/- 5562 [8092..29034] tok/step | loss 0.641 +/- 0.269 | skipped 5
step 214920 | loss 0.3487 | ppl 1.4 | acc 0.918 | lr 8.30e-05 | grad_norm 0.89 | 436 tok/s | sup 20856 tok/step | ema_loss 1.1567 | ema_ppl 3.6 | ema_acc 0.762 | ema_grad 1.82
  skipped micro-step: loss 8.26 (per-token threshold 5.0)
  skipped micro-step: loss 8.55 (per-token threshold 5.0)
  window(n=10): sup 16764 +/- 3876 [12184..21450] tok/step | loss 0.552 +/- 0.110 | skipped 2
step 214930 | loss 0.7809 | ppl 2.2 | acc 0.844 | lr 8.30e-05 | grad_norm 1.75 | 805 tok/s | sup 19935 tok/step | ema_loss 1.0991 | ema_ppl 3.5 | ema_acc 0.773 | ema_grad 1.74
  window(n=10): sup 16558 +/- 4128 [12113..22919] tok/step | loss 1.059 +/- 0.494 | skipped 0
step 214940 | loss 0.8957 | ppl 2.4 | acc 0.821 | lr 8.30e-05 | grad_norm 1.14 | 814 tok/s | sup 12230 tok/step | ema_loss 1.0943 | ema_ppl 3.4 | ema_acc 0.773 | ema_grad 1.90
  skipped micro-step: loss 8.29 (per-token threshold 5.0)
  skipped micro-step: loss 8.28 (per-token threshold 5.0)
  window(n=10): sup 13164 +/- 6145 [5475..26629] tok/step | loss 0.951 +/- 0.456 | skipped 2
step 214950 | loss 1.3575 | ppl 3.9 | acc 0.701 | lr 8.30e-05 | grad_norm 0.79 | 1260 tok/s | sup 5475 tok/step | ema_loss 1.0815 | ema_ppl 3.4 | ema_acc 0.776 | ema_grad 1.81
  window(n=10): sup 18354 +/- 6241 [6346..27432] tok/step | loss 1.166 +/- 0.554 | skipped 0
step 214960 | loss 0.7585 | ppl 2.1 | acc 0.829 | lr 8.30e-05 | grad_norm 3.23 | 844 tok/s | sup 13150 tok/step | ema_loss 1.0893 | ema_ppl 3.4 | ema_acc 0.775 | ema_grad 1.87
  skipped micro-step: loss 7.97 (per-token threshold 5.0)
  skipped micro-step: loss 8.11 (per-token threshold 5.0)
  skipped micro-step: loss 9.03 (per-token threshold 5.0)
  skipped micro-step: loss 9.08 (per-token threshold 5.0)
  window(n=10): sup 11120 +/- 4110 [5780..19852] tok/step | loss 1.100 +/- 0.149 | skipped 4
step 214970 | loss 1.0070 | ppl 2.7 | acc 0.792 | lr 8.30e-05 | grad_norm 1.70 | 1006 tok/s | sup 19852 tok/step | ema_loss 1.0905 | ema_ppl 3.4 | ema_acc 0.775 | ema_grad 1.80
  skipped micro-step: loss 8.43 (per-token threshold 5.0)
  skipped micro-step: loss 10.66 (per-token threshold 5.0)
  window(n=10): sup 17655 +/- 4385 [12498..26764] tok/step | loss 1.733 +/- 0.327 | skipped 2
step 214980 | loss 1.7366 | ppl 5.7 | acc 0.714 | lr 8.30e-05 | grad_norm 2.67 | 1256 tok/s | sup 18508 tok/step | ema_loss 1.1521 | ema_ppl 3.7 | ema_acc 0.766 | ema_grad 1.92
  skipped micro-step: loss 9.10 (per-token threshold 5.0)
  skipped micro-step: loss 9.02 (per-token threshold 5.0)
  skipped micro-step: loss 8.56 (per-token threshold 5.0)
  window(n=10): sup 11419 +/- 3615 [7853..19936] tok/step | loss 1.266 +/- 0.283 | skipped 3
step 214990 | loss 1.1147 | ppl 3.0 | acc 0.768 | lr 8.30e-05 | grad_norm 1.02 | 1221 tok/s | sup 9936 tok/step | ema_loss 1.1627 | ema_ppl 3.7 | ema_acc 0.764 | ema_grad 1.88
  skipped micro-step: loss 8.08 (per-token threshold 5.0)
  skipped micro-step: loss 9.09 (per-token threshold 5.0)
  window(n=10): sup 15454 +/- 2701 [12332..20560] tok/step | loss 1.192 +/- 0.306 | skipped 2
step 215000 | loss 1.0053 | ppl 2.7 | acc 0.788 | lr 8.30e-05 | grad_norm 1.51 | 1259 tok/s | sup 14371 tok/step | ema_loss 1.1655 | ema_ppl 3.6 | ema_acc 0.764 | ema_grad 1.89
saved checkpoint: ./checkpoints/step_big_fim_215000.pt
===== step 215000 | FIM checkpoint sample =====
-- context --
(none)
-- <fim_prefix> --
<lang>kotlin</lang>package com.clean.architecture_clean.account.domain

import java.time.LocalDateTime

class Activity(
    val ownerAccountId: AccountId,
    val sourceAccountId: AccountId,
    val targetAccountId: AccountId,

-- <fim_suffix> --
<lang>kotlin</lang>)

-- <fim_middle> | model output --
   val responseCode: Long,
    val responseTime: LocalDateTime,
    val startDate: LocalDateTime,
    val targetDate: LocalDateTime

-- final code (prefix + generated + suffix) --
<lang>kotlin</lang>package com.clean.architecture_clean.account.domain

import java.time.LocalDateTime

class Activity(
    val ownerAccountId: AccountId,
    val sourceAccountId: AccountId,
    val targetAccountId: AccountId,
   val responseCode: Long,
    val responseTime: LocalDateTime,
    val startDate: LocalDateTime,
    val targetDate: LocalDateTime
<lang>kotlin</lang>)

============================================================================

removed old checkpoint: step_big_fim_214875.pt
  eval @ step 215000: loss 1.2721 | ppl 3.6
  fim eval @ step 215000: loss 1.1787 | ppl 3.3
  fim gen eval @ step 215000: top1_tf 0.272 | prefix_acc 0.152 | exact@32 0.06 | first-line 0.22 | edit-sim 0.297
  skipped micro-step: loss 8.20 (per-token threshold 5.0)
  window(n=10): sup 12280 +/- 4991 [6769..20709] tok/step | loss 1.205 +/- 0.161 | skipped 1
step 215010 | loss 1.4083 | ppl 4.1 | acc 0.715 | lr 8.30e-05 | grad_norm 2.05 | 986 tok/s | sup 14821 tok/step | ema_loss 1.1692 | ema_ppl 3.6 | ema_acc 0.762 | ema_grad 1.85
  skipped micro-step: loss 8.50 (per-token threshold 5.0)
  skipped micro-step: loss 9.15 (per-token threshold 5.0)
  window(n=10): sup 14262 +/- 5224 [5008..22101] tok/step | loss 1.075 +/- 0.274 | skipped 2
step 215020 | loss 1.3375 | ppl 3.8 | acc 0.725 | lr 8.30e-05 | grad_norm 1.16 | 1644 tok/s | sup 12302 tok/step | ema_loss 1.1605 | ema_ppl 3.6 | ema_acc 0.764 | ema_grad 1.81
  skipped micro-step: loss 8.50 (per-token threshold 5.0)
  skipped micro-step: loss 8.62 (per-token threshold 5.0)
  skipped micro-step: loss 9.34 (per-token threshold 5.0)
  skipped micro-step: loss 8.06 (per-token threshold 5.0)
  window(n=10): sup 14114 +/- 7717 [4683..30334] tok/step | loss 1.284 +/- 0.286 | skipped 4
step 215030 | loss 0.7689 | ppl 2.2 | acc 0.824 | lr 8.30e-05 | grad_norm 1.56 | 735 tok/s | sup 22008 tok/step | ema_loss 1.1720 | ema_ppl 3.6 | ema_acc 0.759 | ema_grad 1.81
  skipped micro-step: loss 8.50 (per-token threshold 5.0)
  window(n=10): sup 17475 +/- 3138 [12382..23002] tok/step | loss 1.029 +/- 0.302 | skipped 1
step 215040 | loss 1.3186 | ppl 3.7 | acc 0.635 | lr 8.30e-05 | grad_norm 2.61 | 517 tok/s | sup 14884 tok/step | ema_loss 1.1585 | ema_ppl 3.5 | ema_acc 0.758 | ema_grad 1.90
  skipped micro-step: loss 8.05 (per-token threshold 5.0)
  window(n=10): sup 18688 +/- 4093 [14095..28459] tok/step | loss 0.795 +/- 0.136 | skipped 1
step 215050 | loss 0.6687 | ppl 2.0 | acc 0.830 | lr 8.30e-05 | grad_norm 1.12 | 244 tok/s | sup 14359 tok/step | ema_loss 1.1235 | ema_ppl 3.4 | ema_acc 0.762 | ema_grad 1.90
  window(n=10): sup 15809 +/- 3656 [12106..22849] tok/step | loss 0.931 +/- 0.309 | skipped 0
step 215060 | loss 1.2845 | ppl 3.6 | acc 0.723 | lr 8.30e-05 | grad_norm 3.59 | 1702 tok/s | sup 22849 tok/step | ema_loss 1.1051 | ema_ppl 3.3 | ema_acc 0.764 | ema_grad 1.89
  skipped micro-step: loss 7.66 (per-token threshold 5.0)
  window(n=10): sup 16958 +/- 4999 [12644..30161] tok/step | loss 0.844 +/- 0.357 | skipped 1
step 215070 | loss 1.1072 | ppl 3.0 | acc 0.760 | lr 8.30e-05 | grad_norm 1.72 | 517 tok/s | sup 15182 tok/step | ema_loss 1.0799 | ema_ppl 3.2 | ema_acc 0.769 | ema_grad 1.85
  skipped micro-step: loss 8.68 (per-token threshold 5.0)
  window(n=10): sup 11793 +/- 4244 [7356..22019] tok/step | loss 1.130 +/- 0.324 | skipped 1
step 215080 | loss 0.7313 | ppl 2.1 | acc 0.849 | lr 8.30e-05 | grad_norm 1.43 | 713 tok/s | sup 22019 tok/step | ema_loss 1.0849 | ema_ppl 3.2 | ema_acc 0.768 | ema_grad 1.78
  skipped micro-step: loss 7.81 (per-token threshold 5.0)
  window(n=10): sup 15081 +/- 3018 [12171..23080] tok/step | loss 1.000 +/- 0.329 | skipped 1
step 215090 | loss 1.7736 | ppl 5.9 | acc 0.677 | lr 8.30e-05 | grad_norm 1.59 | 1181 tok/s | sup 12182 tok/step | ema_loss 1.0774 | ema_ppl 3.2 | ema_acc 0.771 | ema_grad 1.76
  skipped micro-step: loss 8.13 (per-token threshold 5.0)
  skipped micro-step: loss 8.73 (per-token threshold 5.0)
  window(n=10): sup 12100 +/- 6351 [7075..28500] tok/step | loss 1.228 +/- 0.249 | skipped 2
step 215100 | loss 1.6995 | ppl 5.5 | acc 0.615 | lr 8.30e-05 | grad_norm 14.81 | 1891 tok/s | sup 28500 tok/step | ema_loss 1.0919 | ema_ppl 3.2 | ema_acc 0.768 | ema_grad 1.84
  window(n=10): sup 17958 +/- 3668 [13104..23142] tok/step | loss 1.350 +/- 0.330 | skipped 0
step 215110 | loss 2.0105 | ppl 7.5 | acc 0.606 | lr 8.30e-05 | grad_norm 29.00 | 1035 tok/s | sup 19265 tok/step | ema_loss 1.1167 | ema_ppl 3.3 | ema_acc 0.760 | ema_grad 2.19
  skipped micro-step: loss 7.94 (per-token threshold 5.0)
  window(n=10): sup 11996 +/- 4423 [6630..22032] tok/step | loss 1.108 +/- 0.228 | skipped 1
step 215120 | loss 1.3317 | ppl 3.8 | acc 0.739 | lr 8.30e-05 | grad_norm 1.60 | 508 tok/s | sup 15377 tok/step | ema_loss 1.1164 | ema_ppl 3.3 | ema_acc 0.761 | ema_grad 2.09
  skipped micro-step: loss 8.18 (per-token threshold 5.0)
saved checkpoint: ./checkpoints/step_big_fim_215125.pt (model only)
===== step 215125 | FIM checkpoint sample =====
-- context --
(none)
-- <fim_prefix> --
[...] \n")
print("Test 2 : Fonction is_in_LA acceptation par pile vide")
print("------------------------------------------------")
assert(is_in_LA(a2_a, "")==True), "Erreur dans is_in_LA"
assert(is_in_LA(a2_a,"abc")==False), "Erreur dans is_in_LA:mauvais alphabet"
assert(is_in_LA(a2_a, "abab")==True), "Erreur dans is_in_LA"
assert(is_in_LA(a2_a, "aaa")==False), "Erreur dans is_in_LA"
assert(is_in_LA(a2_a, "bbaaaabb")==True), "Erreur dans is_in_LA"
assert(is_in_LA(a2_a, "aaabbbbbabbbbaaabaa")==False), "Erreur dans is_in_LA"

print("\n\n----------------------------------------------\n\n")
print("Test
-- <fim_suffix> --
<lang>python</lang>assert(is_in_LA(a2_a_f, "bbaaaabb")==True), "Erreur dans is_i
n_LA"
assert(is_in_LA(a2_a, "aaabbbbbabbbbaaabaa")==False), "Erreur dans is_in_LA"

print("\n\n----------------------------------------------\n\n")
print("Test 4 : Fonction is_in_LA acceptation par etat final")
print("------------------------------------------------")
assert(is_in_LA(a3_a, "")==False), "Erreur dans is_in_LA"
assert(is_in_LA(a3_a,"01")==True), "Erreur dans is_in_LA"
assert(is_in_LA(a3_a, "0011")==True), "Erreur dans is_in_LA"
assert(is_in_LA(a3_a, "010")==True), "Erreur dans is_in_LA"
assert(is_in_L [...]
-- <fim_middle> | model output --
2 :ifacts (n-t)", "a3_a_p", "a3_t_rel", "a3_init_st", "a3_accept_mode", "a3_fina
l_st", "a3_eq_st")
print(a3_a_p)
assert(a3_t_rel)
assert(a3_init_st)
assert(a3_accept_mode)
assert(a3_final_st)

a3_init_st = "0"

a3_t_rel =
-- final code (prefix + generated + suffix) --
[...]
ck, a3_accept_mode, [], a3_eq_st)

print("\n\n----------------------------------------------\n\n")
print("Test 1 : Fonction is_in_LA")
print("------------------------------------------------")

assert(is_in_LA(a1_a,"")==True), "Erreur dans is_in_LA: test de l'enonce!"
assert(is_in_LA(a1_a,"abc")==True), "Erreur dans is_in_LA: test de l'enonce!"
assert(is_in_LA(a1_a,"aabccc")==False), "Erreur dans is_in_LA: test de l'enonce!
"
assert(is_in_LA(a1_a,"aaacccc")==False), "Erreur dans is_in_LA: test de l'enonce
!"
assert(is_in_LA(a1_a,"aaaccc")==True), "Erreur dans is_in_LA: test de l'enonce!"
assert(is_in_LA(a1_a,"aabbbbbbbcc")==True), "Erreur dans is_in_LA: test de l'eno
nce!"
assert(is_in_LA(a1_a,"bbaaaccc")==False), "Erreur dans is_in_LA: test de l'enonc
e!"
assert(is_in_LA(a1_a,"ac")==True), "Erreur dans is_in_LA: test de l'enonce!"

print("\n\n----------------------------------------------\n\n")
print("Test 2 : Fonction is_in_LA acceptation par pile vide")
print("------------------------------------------------")
assert(is_in_LA(a2_a, "")==True), "Erreur dans is_in_LA"
assert(is_in_LA(a2_a,"abc")==False), "Erreur dans is_in_LA:mauvais alphabet"
assert(is_in_LA(a2_a, "abab")==True), "Erreur dans is_in_LA"
assert(is_in_LA(a2_a, "aaa")==False), "Erreur dans is_in_LA"
assert(is_in_LA(a2_a, "bbaaaabb")==True), "Erreur dans is_in_LA"
assert(is_in_LA(a2_a, "aaabbbbbabbbbaaabaa")==False), "Erreur dans is_in_LA"

print("\n\n----------------------------------------------\n\n")
print("Test 2 :ifacts (n-t)", "a3_a_p", "a3_t_rel", "a3_init_st", "a3_accept_mod
e", "a3_final_st", "a3_eq_st")
print(a3_a_p)
assert(a3_t_rel)
assert(a3_init_st)
assert(a3_accept_mode)
assert(a3_final_st)

a3_init_st = "0"

a3_t_rel =<lang>python</lang>assert(is_in_LA(a2_a_f, "bbaaaabb")==True), "Erreur
 dans is_in_LA"
assert(is_in_LA(a2_a, "aaabbbbbabbbbaaabaa")==False), "Erreur dans is_in_LA"

print("\n\n----------------------------------------------\n\n")
print("Test 4 : Fonction is_in_LA acceptation par etat final")
print("------------------------------------------------")
assert(is_in_LA(a3_a, "")==False), "Erreur dans is_in_LA"
assert(is_in_LA(a3_a,"01")==True), "Erreur dans is_in_LA"
assert(is_in_LA(a3_a, "0011")==True), "Erreur dans is_in_LA"
assert(is_in_LA(a3_a, "010")==True), "Erreur dans is_in_LA"
assert(is_in_LA(a3_a, "bbaaaabb")==False), "Erreur dans is_in_LA:mauvais alphabe
t"
assert(is_in_LA(a3_a, "1100")==False), "Erreur dans is_in_LA"
assert(is_in_LA(a3_a, "00000000000")==True), "Erreur dans is_in_LA"

print("\n\n----------------------------------------------\n\n")
print("Test 5 : Fonction is_in_LA acceptation par pile vide")
print("------------------------------------------------")
assert(is_in_LA(a3_a_p, "")==False), "Erreur dans is_in_LA"
assert(is_in_LA(a3_a_p,"01")==True), "Erreur dans is_in_LA"
assert(is_in_LA(a3_a_p, "0011")==True), "Erreur dans is_in_LA"
assert(is_in_LA(a3_a_p, "010")==False), "Erreur dans is_in_LA"
assert(is_in_LA(a3_a_p, "bbaaaabb")==False), "Erreur dans is_in_LA:mauvais alpha
bet"
assert(is_in_LA(a3_a_p, "1100")==False), "Erreur dans is_in_LA"
assert(is_in_LA(a3_a_p, "00000000000")==False), "Erreur dans is_in_LA"

print("\n\n--------------------------------------
[...]
============================================================================

removed old checkpoint: step_big_fim_215000.pt
  eval @ step 215125: loss 1.2720 | ppl 3.6
  fim eval @ step 215125: loss 1.1785 | ppl 3.2
  fim gen eval @ step 215125: top1_tf 0.273 | prefix_acc 0.123 | exact@32 0.03 | first-line 0.22 | edit-sim 0.271
  window(n=10): sup 14522 +/- 4026 [7646..20782] tok/step | loss 1.271 +/- 0.212 | skipped 1
step 215130 | loss 1.3859 | ppl 4.0 | acc 0.723 | lr 8.30e-05 | grad_norm 1.08 | 1273 tok/s | sup 9374 tok/step | ema_loss 1.1312 | ema_ppl 3.3 | ema_acc 0.759 | ema_grad 2.05
  skipped micro-step: loss 8.35 (per-token threshold 5.0)
  skipped micro-step: loss 8.57 (per-token threshold 5.0)
  window(n=10): sup 15355 +/- 6902 [6491..26994] tok/step | loss 1.526 +/- 0.443 | skipped 2
step 215140 | loss 2.3702 | ppl 10.7 | acc 0.585 | lr 8.30e-05 | grad_norm 3.25 | 1021 tok/s | sup 15014 tok/step | ema_loss 1.1696 | ema_ppl 3.5 | ema_acc 0.753 | ema_grad 2.05
  window(n=10): sup 17955 +/- 2142 [14716..22456] tok/step | loss 1.261 +/- 0.354 | skipped 0
step 215150 | loss 0.6352 | ppl 1.9 | acc 0.888 | lr 8.30e-05 | grad_norm 1.66 | 1307 tok/s | sup 18876 tok/step | ema_loss 1.1784 | ema_ppl 3.5 | ema_acc 0.754 | ema_grad 2.09
  skipped micro-step: loss 8.54 (per-token threshold 5.0)
  skipped micro-step: loss 9.02 (per-token threshold 5.0)
  window(n=10): sup 14262 +/- 4884 [5344..20598] tok/step | loss 0.931 +/- 0.357 | skipped 2
step 215160 | loss 1.1028 | ppl 3.0 | acc 0.766 | lr 8.30e-05 | grad_norm 0.80 | 1290 tok/s | sup 6660 tok/step | ema_loss 1.1546 | ema_ppl 3.5 | ema_acc 0.759 | ema_grad 2.05
  skipped micro-step: loss 8.72 (per-token threshold 5.0)
  skipped micro-step: loss 8.92 (per-token threshold 5.0)
  skipped micro-step: loss 8.54 (per-token threshold 5.0)
  window(n=10): sup 11937 +/- 4600 [4772..21014] tok/step | loss 1.303 +/- 0.182 | skipped 3
step 215170 | loss 1.5613 | ppl 4.8 | acc 0.630 | lr 8.30e-05 | grad_norm 1.81 | 867 tok/s | sup 13059 tok/step | ema_loss 1.1687 | ema_ppl 3.5 | ema_acc 0.756 | ema_grad 2.00
  skipped micro-step: loss 8.08 (per-token threshold 5.0)
  skipped micro-step: loss 8.06 (per-token threshold 5.0)
  window(n=10): sup 18095 +/- 5356 [12160..29593] tok/step | loss 0.922 +/- 0.302 | skipped 2
step 215180 | loss 0.7670 | ppl 2.2 | acc 0.797 | lr 8.30e-05 | grad_norm 1.84 | 506 tok/s | sup 14406 tok/step | ema_loss 1.1455 | ema_ppl 3.4 | ema_acc 0.757 | ema_grad 2.07
  skipped micro-step: loss 7.97 (per-token threshold 5.0)
  window(n=10): sup 18100 +/- 3615 [10250..21366] tok/step | loss 0.713 +/- 0.122 | skipped 1
step 215190 | loss 0.5977 | ppl 1.8 | acc 0.848 | lr 8.30e-05 | grad_norm 1.53 | 679 tok/s | sup 19923 tok/step | ema_loss 1.1039 | ema_ppl 3.3 | ema_acc 0.763 | ema_grad 2.04
  skipped micro-step: loss 8.11 (per-token threshold 5.0)
  skipped micro-step: loss 9.68 (per-token threshold 5.0)
  skipped micro-step: loss 8.44 (per-token threshold 5.0)
  window(n=10): sup 18825 +/- 4286 [12431..25408] tok/step | loss 1.007 +/- 0.285 | skipped 3
step 215200 | loss 1.4289 | ppl 4.2 | acc 0.733 | lr 8.30e-05 | grad_norm 2.52 | 746 tok/s | sup 25408 tok/step | ema_loss 1.0952 | ema_ppl 3.2 | ema_acc 0.766 | ema_grad 2.03
  window(n=10): sup 21799 +/- 3692 [18916..29511] tok/step | loss 1.125 +/- 0.283 | skipped 0
step 215210 | loss 0.8864 | ppl 2.4 | acc 0.822 | lr 8.30e-05 | grad_norm 2.09 | 1324 tok/s | sup 19891 tok/step | ema_loss 1.0979 | ema_ppl 3.2 | ema_acc 0.768 | ema_grad 2.06
  skipped micro-step: loss 9.42 (per-token threshold 5.0)
  skipped micro-step: loss 8.85 (per-token threshold 5.0)
  window(n=10): sup 24607 +/- 4845 [17684..34935] tok/step | loss 0.819 +/- 0.351 | skipped 2
step 215220 | loss 0.4943 | ppl 1.6 | acc 0.894 | lr 8.30e-05 | grad_norm 1.03 | 1200 tok/s | sup 17684 tok/step | ema_loss 1.0710 | ema_ppl 3.2 | ema_acc 0.774 | ema_grad 2.05
  skipped micro-step: loss 8.85 (per-token threshold 5.0)
  skipped micro-step: loss 8.77 (per-token threshold 5.0)
  window(n=10): sup 13784 +/- 4395 [6904..18882] tok/step | loss 1.057 +/- 0.256 | skipped 2
step 215230 | loss 1.0110 | ppl 2.7 | acc 0.779 | lr 8.29e-05 | grad_norm 2.31 | 1374 tok/s | sup 17176 tok/step | ema_loss 1.0702 | ema_ppl 3.1 | ema_acc 0.775 | ema_grad 2.03
  skipped micro-step: loss 7.75 (per-token threshold 5.0)
  window(n=10): sup 20695 +/- 5904 [13917..28793] tok/step | loss 0.935 +/- 0.235 | skipped 1
step 215240 | loss 0.6494 | ppl 1.9 | acc 0.869 | lr 8.29e-05 | grad_norm 2.69 | 898 tok/s | sup 26392 tok/step | ema_loss 1.0568 | ema_ppl 3.1 | ema_acc 0.778 | ema_grad 2.03
  window(n=10): sup 14232 +/- 5623 [7791..22784] tok/step | loss 0.882 +/- 0.315 | skipped 0
step 215250 | loss 1.2417 | ppl 3.5 | acc 0.743 | lr 8.29e-05 | grad_norm 0.92 | 1465 tok/s | sup 8385 tok/step | ema_loss 1.0408 | ema_ppl 3.0 | ema_acc 0.781 | ema_grad 1.97
saved checkpoint: ./checkpoints/step_big_fim_215250.pt (model only)
===== step 215250 | FIM checkpoint sample =====
-- context --
(none)
-- <fim_prefix> --
[...] lang>c++</lang>#include "UseDxLib.hpp"
#include "Central.hpp"
#include "TitleScene.hpp"
#include "define.hpp"
#include <memory>

int WINAPI WinMain(HINSTANCE, HINSTANCE, LPSTR, int) {

	//ウインドウとかの初期化
	DxLib::SetMainWindowText("文字シューティング c++版");
	DxLib::SetGraphMode(game::WINDOW_W, game::WINDOW_H, 16);
	DxLib::ChangeWindowMode(true), DxLib::DxLib_Init(), DxLib::SetDrawScreen(DX_SCR
EEN_BACK);

	//使用するフォントの設定
	DxLib::ChangeFontType(DX_FONTTYPE_ANTIALIASING_EDGE_8X8);

	//タイトルシーンを初期シーンとしてセット
	//make_unique<型>でunique_ptrを作成している
	//new game::TitleSceneをunique_ptrに渡すこともできるが
	//例外安全性を考えるとあまり使わないほうがいい

-- <fim_suffix> --
<lang>c++</lang>
	DxLib::DxLib_End(); // DXライブラリ終了処理
	return 0;
}
-- <fim_middle> | model output --
	//main_ui.cpp: 実装
	//main_ui.cpp: 加载
	//main_ui.cpp: 引用
	//main_ui.cpp: 找到
	//main_ui.cpp: 下载
	//main_ui.cpp: 下载
	//main_ui.cpp: 触摸
	//main_ui.cpp: クエント

-- final code (prefix + generated + suffix) --
<lang>c++</lang>#include "UseDxLib.hpp"
#include "Central.hpp"
#include "TitleScene.hpp"
#include "define.hpp"
#include <memory>

int WINAPI WinMain(HINSTANCE, HINSTANCE, LPSTR, int) {

	//ウインドウとかの初期化
	DxLib::SetMainWindowText("文字シューティング c++版");
	DxLib::SetGraphMode(game::WINDOW_W, game::WINDOW_H, 16);
	DxLib::ChangeWindowMode(true), DxLib::DxLib_Init(), DxLib::SetDrawScreen(DX_SCR
EEN_BACK);

	//使用するフォントの設定
	DxLib::ChangeFontType(DX_FONTTYPE_ANTIALIASING_EDGE_8X8);

	//タイトルシーンを初期シーンとしてセット
	//make_unique<型>でunique_ptrを作成している
	//new game::TitleSceneをunique_ptrに渡すこともできるが
	//例外安全性を考えるとあまり使わないほうがいい
	//main_ui.cpp: 実装
	//main_ui.cpp: 加载
	//main_ui.cpp: 引用
	//main_ui.cpp: 找到
	//main_ui.cpp: 下载
	//main_ui.cpp: 下载
	//main_ui.cpp: 触摸
	//main_ui.cpp: クエント
<lang>c++</lang>
	DxLib::DxLib_End(); // DXライブラリ終了処理
	return 0;
}
============================================================================

removed old checkpoint: step_big_fim_215125.pt
  eval @ step 215250: loss 1.2720 | ppl 3.6
  fim eval @ step 215250: loss 1.1784 | ppl 3.2
  fim gen eval @ step 215250: top1_tf 0.273 | prefix_acc 0.124 | exact@32 0.03 | first-line 0.22 | edit-sim 0.269
  window(n=10): sup 15068 +/- 4260 [6415..23461] tok/step | loss 1.162 +/- 0.281 | skipped 0
step 215260 | loss 0.9458 | ppl 2.6 | acc 0.800 | lr 8.29e-05 | grad_norm 1.22 | 1274 tok/s | sup 12674 tok/step | ema_loss 1.0521 | ema_ppl 3.1 | ema_acc 0.780 | ema_grad 1.95
  skipped micro-step: loss 8.46 (per-token threshold 5.0)
  skipped micro-step: loss 9.55 (per-token threshold 5.0)
  skipped micro-step: loss 9.13 (per-token threshold 5.0)
  window(n=10): sup 11401 +/- 5534 [6316..24999] tok/step | loss 1.182 +/- 0.156 | skipped 3
step 215270 | loss 0.8923 | ppl 2.4 | acc 0.824 | lr 8.29e-05 | grad_norm 2.97 | 952 tok/s | sup 24999 tok/step | ema_loss 1.0644 | ema_ppl 3.1 | ema_acc 0.778 | ema_grad 1.89
  window(n=10): sup 17175 +/- 5093 [12088..26338] tok/step | loss 0.862 +/- 0.236 | skipped 0
step 215280 | loss 0.4319 | ppl 1.5 | acc 0.918 | lr 8.29e-05 | grad_norm 1.02 | 507 tok/s | sup 14861 tok/step | ema_loss 1.0449 | ema_ppl 3.0 | ema_acc 0.783 | ema_grad 1.90
  skipped micro-step: loss 8.44 (per-token threshold 5.0)
  skipped micro-step: loss 8.02 (per-token threshold 5.0)
  skipped micro-step: loss 9.13 (per-token threshold 5.0)
  window(n=10): sup 18560 +/- 6818 [8230..30301] tok/step | loss 0.792 +/- 0.329 | skipped 3
step 215290 | loss 1.2018 | ppl 3.3 | acc 0.739 | lr 8.29e-05 | grad_norm 0.93 | 1068 tok/s | sup 8230 tok/step | ema_loss 1.0210 | ema_ppl 3.0 | ema_acc 0.789 | ema_grad 1.84
  skipped micro-step: loss 9.47 (per-token threshold 5.0)
  skipped micro-step: loss 10.16 (per-token threshold 5.0)
  window(n=10): sup 14066 +/- 6136 [7172..28293] tok/step | loss 1.327 +/- 0.214 | skipped 2
step 215300 | loss 1.0432 | ppl 2.8 | acc 0.780 | lr 8.29e-05 | grad_norm 1.48 | 426 tok/s | sup 14159 tok/step | ema_loss 1.0501 | ema_ppl 3.0 | ema_acc 0.783 | ema_grad 1.90
  skipped micro-step: loss 9.00 (per-token threshold 5.0)
  skipped micro-step: loss 8.46 (per-token threshold 5.0)
  window(n=10): sup 10021 +/- 3037 [4267..14916] tok/step | loss 1.341 +/- 0.294 | skipped 2
step 215310 | loss 1.2392 | ppl 3.5 | acc 0.742 | lr 8.29e-05 | grad_norm 0.66 | 758 tok/s | sup 4267 tok/step | ema_loss 1.0781 | ema_ppl 3.1 | ema_acc 0.778 | ema_grad 1.83
  window(n=10): sup 17797 +/- 4384 [13997..28151] tok/step | loss 1.031 +/- 0.215 | skipped 0
step 215320 | loss 0.8250 | ppl 2.3 | acc 0.832 | lr 8.29e-05 | grad_norm 1.89 | 1540 tok/s | sup 22686 tok/step | ema_loss 1.0736 | ema_ppl 3.1 | ema_acc 0.779 | ema_grad 1.82
  skipped micro-step: loss 8.66 (per-token threshold 5.0)
  skipped micro-step: loss 8.31 (per-token threshold 5.0)
  skipped micro-step: loss 8.23 (per-token threshold 5.0)
  skipped micro-step: loss 8.64 (per-token threshold 5.0)
  window(n=10): sup 11816 +/- 5758 [5020..24205] tok/step | loss 1.138 +/- 0.235 | skipped 4
step 215330 | loss 1.4281 | ppl 4.2 | acc 0.720 | lr 8.29e-05 | grad_norm 1.66 | 1053 tok/s | sup 18532 tok/step | ema_loss 1.0803 | ema_ppl 3.1 | ema_acc 0.777 | ema_grad 1.75
  window(n=10): sup 19686 +/- 4238 [14644..28814] tok/step | loss 0.898 +/- 0.303 | skipped 0
step 215340 | loss 0.6688 | ppl 2.0 | acc 0.872 | lr 8.29e-05 | grad_norm 3.34 | 962 tok/s | sup 28814 tok/step | ema_loss 1.0629 | ema_ppl 3.1 | ema_acc 0.782 | ema_grad 1.85
  window(n=10): sup 19798 +/- 2613 [13261..22587] tok/step | loss 1.049 +/- 0.446 | skipped 0
step 215350 | loss 1.2337 | ppl 3.4 | acc 0.745 | lr 8.29e-05 | grad_norm 2.69 | 740 tok/s | sup 21513 tok/step | ema_loss 1.0618 | ema_ppl 3.1 | ema_acc 0.782 | ema_grad 1.87
  skipped micro-step: loss 8.28 (per-token threshold 5.0)
  skipped micro-step: loss 8.91 (per-token threshold 5.0)
  skipped micro-step: loss 8.32 (per-token threshold 5.0)
  skipped micro-step: loss 8.79 (per-token threshold 5.0)
  window(n=10): sup 12119 +/- 5212 [4769..20271] tok/step | loss 1.370 +/- 0.236 | skipped 4
step 215360 | loss 1.2292 | ppl 3.4 | acc 0.773 | lr 8.29e-05 | grad_norm 2.11 | 622 tok/s | sup 20271 tok/step | ema_loss 1.0913 | ema_ppl 3.2 | ema_acc 0.777 | ema_grad 1.84
  skipped micro-step: loss 8.82 (per-token threshold 5.0)
  window(n=10): sup 17515 +/- 5111 [12158..30188] tok/step | loss 1.380 +/- 0.383 | skipped 1
step 215370 | loss 1.8995 | ppl 6.7 | acc 0.637 | lr 8.29e-05 | grad_norm 5.41 | 938 tok/s | sup 30188 tok/step | ema_loss 1.1193 | ema_ppl 3.3 | ema_acc 0.771 | ema_grad 2.01
saved checkpoint: ./checkpoints/step_big_fim_215375.pt (model only)
===== step 215375 | FIM checkpoint sample =====
-- context --
(none)
-- <fim_prefix> --
<lang>php</lang><?php

namespace App\Livewire\Website\Components;

use App\Models\OnlineCourse as ModelsOnlineCourse;
use Livewire\Component;

class OnlineCourse extends Component
{
    public $onlineCourses = [];

    public function mount()
    {
        $this->onlineCourses = ModelsOnlineCourse::list()->get();

-- <fim_suffix> --
<lang>php</lang>       }else {
            return redirect()->route('user.login');
        }
    }

    public function render()
    {
        return view('livewire.website.components.online-course');
    }
}

-- <fim_middle> | model output --
   }

    public function index()
    {
        return view('livewire.website.components.online-course');
    }

    public function onGame()
    {
        if (!$this->onlineCourses) {
            return redirect('/');

-- final code (prefix + generated + suffix) --
<lang>php</lang><?php

namespace App\Livewire\Website\Components;

use App\Models\OnlineCourse as ModelsOnlineCourse;
use Livewire\Component;

class OnlineCourse extends Component
{
    public $onlineCourses = [];

    public function mount()
    {
        $this->onlineCourses = ModelsOnlineCourse::list()->get();
   }

    public function index()
    {
        return view('livewire.website.components.online-course');
    }

    public function onGame()
    {
        if (!$this->onlineCourses) {
            return redirect('/');
<lang>php</lang>       }else {
            return redirect()->route('user.login');
        }
    }

    public function render()
    {
        return view('livewire.website.components.online-course');
    }
}

============================================================================

removed old checkpoint: step_big_fim_215250.pt
  eval @ step 215375: loss 1.2720 | ppl 3.6
  fim eval @ step 215375: loss 1.1783 | ppl 3.2
  fim gen eval @ step 215375: top1_tf 0.273 | prefix_acc 0.095 | exact@32 0.00 | first-line 0.19 | edit-sim 0.255
  skipped micro-step: loss 8.26 (per-token threshold 5.0)
  skipped micro-step: loss 9.05 (per-token threshold 5.0)
  skipped micro-step: loss 9.51 (per-token threshold 5.0)
  window(n=10): sup 14673 +/- 6451 [5998..23915] tok/step | loss 1.392 +/- 0.373 | skipped 3
step 215380 | loss 1.4438 | ppl 4.2 | acc 0.672 | lr 8.29e-05 | grad_norm 0.88 | 1072 tok/s | sup 6341 tok/step | ema_loss 1.1453 | ema_ppl 3.4 | ema_acc 0.765 | ema_grad 2.13
  skipped micro-step: loss 8.64 (per-token threshold 5.0)
  skipped micro-step: loss 8.35 (per-token threshold 5.0)
  window(n=10): sup 15699 +/- 7120 [6956..25657] tok/step | loss 0.985 +/- 0.305 | skipped 2
step 215390 | loss 1.1683 | ppl 3.2 | acc 0.784 | lr 8.29e-05 | grad_norm 3.08 | 900 tok/s | sup 25657 tok/step | ema_loss 1.1295 | ema_ppl 3.3 | ema_acc 0.768 | ema_grad 2.06
  skipped micro-step: loss 7.00 (per-token threshold 5.0)
  window(n=10): sup 22296 +/- 8317 [12441..37378] tok/step | loss 0.834 +/- 0.221 | skipped 1
step 215400 | loss 0.6142 | ppl 1.8 | acc 0.869 | lr 8.29e-05 | grad_norm 1.94 | 1025 tok/s | sup 30388 tok/step | ema_loss 1.1013 | ema_ppl 3.2 | ema_acc 0.773 | ema_grad 2.04
  window(n=10): sup 15845 +/- 5071 [5672..25567] tok/step | loss 0.685 +/- 0.373 | skipped 0
step 215410 | loss 1.5547 | ppl 4.7 | acc 0.674 | lr 8.29e-05 | grad_norm 0.82 | 1243 tok/s | sup 5672 tok/step | ema_loss 1.0617 | ema_ppl 3.1 | ema_acc 0.780 | ema_grad 1.97
  skipped micro-step: loss 8.24 (per-token threshold 5.0)
  skipped micro-step: loss 9.02 (per-token threshold 5.0)
  window(n=10): sup 14086 +/- 7762 [6458..28128] tok/step | loss 1.105 +/- 0.217 | skipped 2
step 215420 | loss 0.6585 | ppl 1.9 | acc 0.857 | lr 8.29e-05 | grad_norm 1.30 | 406 tok/s | sup 19501 tok/step | ema_loss 1.0653 | ema_ppl 3.1 | ema_acc 0.780 | ema_grad 1.91
  window(n=10): sup 19428 +/- 4652 [12568..29035] tok/step | loss 0.887 +/- 0.590 | skipped 0
step 215430 | loss 0.7402 | ppl 2.1 | acc 0.861 | lr 8.29e-05 | grad_norm 2.58 | 484 tok/s | sup 14627 tok/step | ema_loss 1.0490 | ema_ppl 3.1 | ema_acc 0.784 | ema_grad 1.90
  skipped micro-step: loss 8.21 (per-token threshold 5.0)
  skipped micro-step: loss 8.21 (per-token threshold 5.0)
  window(n=10): sup 14170 +/- 6862 [6677..29037] tok/step | loss 0.811 +/- 0.377 | skipped 2
step 215440 | loss 1.4189 | ppl 4.1 | acc 0.697 | lr 8.29e-05 | grad_norm 1.10 | 1299 tok/s | sup 8540 tok/step | ema_loss 1.0271 | ema_ppl 3.1 | ema_acc 0.788 | ema_grad 1.88
  skipped micro-step: loss 7.50 (per-token threshold 5.0)
  window(n=10): sup 17053 +/- 3957 [9314..24275] tok/step | loss 1.014 +/- 0.280 | skipped 1
step 215450 | loss 0.5250 | ppl 1.7 | acc 0.885 | lr 8.29e-05 | grad_norm 1.27 | 432 tok/s | sup 14355 tok/step | ema_loss 1.0256 | ema_ppl 3.0 | ema_acc 0.787 | ema_grad 1.88
  skipped micro-step: loss 8.41 (per-token threshold 5.0)
  skipped micro-step: loss 7.78 (per-token threshold 5.0)
  skipped micro-step: loss 8.77 (per-token threshold 5.0)
  skipped micro-step: loss 9.11 (per-token threshold 5.0)
  window(n=10): sup 12936 +/- 5728 [7530..27042] tok/step | loss 1.069 +/- 0.293 | skipped 4
step 215460 | loss 1.2303 | ppl 3.4 | acc 0.743 | lr 8.29e-05 | grad_norm 0.94 | 1176 tok/s | sup 7960 tok/step | ema_loss 1.0302 | ema_ppl 3.0 | ema_acc 0.786 | ema_grad 1.82
  skipped micro-step: loss 8.70 (per-token threshold 5.0)
  window(n=10): sup 15196 +/- 3666 [7298..20457] tok/step | loss 1.128 +/- 0.213 | skipped 1
step 215470 | loss 1.3476 | ppl 3.8 | acc 0.745 | lr 8.29e-05 | grad_norm 1.66 | 955 tok/s | sup 13813 tok/step | ema_loss 1.0398 | ema_ppl 3.0 | ema_acc 0.784 | ema_grad 1.80
  window(n=10): sup 15047 +/- 4626 [8129..25309] tok/step | loss 0.948 +/- 0.268 | skipped 0
step 215480 | loss 1.2124 | ppl 3.4 | acc 0.746 | lr 8.29e-05 | grad_norm 0.98 | 1064 tok/s | sup 8129 tok/step | ema_loss 1.0311 | ema_ppl 3.0 | ema_acc 0.784 | ema_grad 1.76
  skipped micro-step: loss 7.99 (per-token threshold 5.0)
  skipped micro-step: loss 8.55 (per-token threshold 5.0)
  skipped micro-step: loss 8.79 (per-token threshold 5.0)
  skipped micro-step: loss 8.60 (per-token threshold 5.0)
  window(n=10): sup 13000 +/- 6381 [3573..23076] tok/step | loss 1.124 +/- 0.289 | skipped 4
step 215490 | loss 1.1400 | ppl 3.1 | acc 0.782 | lr 8.29e-05 | grad_norm 2.75 | 810 tok/s | sup 23076 tok/step | ema_loss 1.0397 | ema_ppl 3.0 | ema_acc 0.782 | ema_grad 1.76
  skipped micro-step: loss 8.22 (per-token threshold 5.0)
  skipped micro-step: loss 8.07 (per-token threshold 5.0)
  skipped micro-step: loss 8.82 (per-token threshold 5.0)
  skipped micro-step: loss 8.92 (per-token threshold 5.0)
  window(n=10): sup 13200 +/- 4021 [7974..21938] tok/step | loss 1.255 +/- 0.349 | skipped 4
step 215500 | loss 1.5441 | ppl 4.7 | acc 0.714 | lr 8.29e-05 | grad_norm 1.23 | 1355 tok/s | sup 9525 tok/step | ema_loss 1.0603 | ema_ppl 3.1 | ema_acc 0.777 | ema_grad 1.81
saved checkpoint: ./checkpoints/step_big_fim_215500.pt
===== step 215500 | FIM checkpoint sample =====
-- context --
(none)
-- <fim_prefix> --
<lang>shell</lang>#!/bin/bash
# Update Kismet systemd service with graceful stop

cat << 'EOF' | sudo tee /etc/systemd/system/kismet-auto-wlan1.service
[Unit]
Description=Kismet with automatic wlan1 WiFi monitoring
ConditionPathExists=/usr/bin/kismet
After=network.target auditd.service

-- <fim_suffix> --
<lang>shell</lang>ExecStartPost=/usr/local/bin/kismet-wlan1-enable.sh
ExecStop=/home/ubuntu/projects/Argos/scripts/kismet-graceful-stop.sh
KillMode=process
TimeoutStopSec=15
Restart=always

[Install]
WantedBy=multi-user.target
EOF

# Reload systemd
sudo systemctl daemon-reload

echo "Kismet service updated with graceful stop mechanism"
-- <fim_middle> | model output --
Timeout=15
Restart=always

# Start all systemd utilities
sudo systemctl start

# Install systemd utilities
sudo systemctl install

# Open systemd utilities
sudo systemctl open

# Install systemd utilities
sudo systemctl install

# Start systemd

-- final code (prefix + generated + suffix) --
<lang>shell</lang>#!/bin/bash
# Update Kismet systemd service with graceful stop

cat << 'EOF' | sudo tee /etc/systemd/system/kismet-auto-wlan1.service
[Unit]
Description=Kismet with automatic wlan1 WiFi monitoring
ConditionPathExists=/usr/bin/kismet
After=network.target auditd.service
Timeout=15
Restart=always

# Start all systemd utilities
sudo systemctl start

# Install systemd utilities
sudo systemctl install

# Open systemd utilities
sudo systemctl open

# Install systemd utilities
sudo systemctl install

# Start systemd
<lang>shell</lang>ExecStartPost=/usr/local/bin/kismet-wlan1-enable.sh
ExecStop=/home/ubuntu/projects/Argos/scripts/kismet-graceful-stop.sh
KillMode=process
TimeoutStopSec=15
Restart=always

[Install]
WantedBy=multi-user.target
EOF

# Reload systemd
sudo systemctl daemon-reload

echo "Kismet service updated with graceful stop mechanism"
============================================================================

removed old checkpoint: step_big_fim_215375.pt
  eval @ step 215500: loss 1.2719 | ppl 3.6
  fim eval @ step 215500: loss 1.1783 | ppl 3.2
  fim gen eval @ step 215500: top1_tf 0.272 | prefix_acc 0.153 | exact@32 0.06 | first-line 0.22 | edit-sim 0.304
  skipped micro-step: loss 9.53 (per-token threshold 5.0)
  skipped micro-step: loss 8.34 (per-token threshold 5.0)
  window(n=10): sup 15056 +/- 5827 [5724..23663] tok/step | loss 1.239 +/- 0.219 | skipped 2
step 215510 | loss 0.7819 | ppl 2.2 | acc 0.808 | lr 8.29e-05 | grad_norm 1.05 | 899 tok/s | sup 13766 tok/step | ema_loss 1.0770 | ema_ppl 3.1 | ema_acc 0.774 | ema_grad 1.82
  skipped micro-step: loss 7.97 (per-token threshold 5.0)
  window(n=10): sup 11716 +/- 4648 [7651..23348] tok/step | loss 1.218 +/- 0.261 | skipped 1
step 215520 | loss 1.3579 | ppl 3.9 | acc 0.729 | lr 8.29e-05 | grad_norm 0.98 | 1337 tok/s | sup 8280 tok/step | ema_loss 1.0910 | ema_ppl 3.2 | ema_acc 0.772 | ema_grad 1.77
  window(n=10): sup 18704 +/- 6298 [10012..30336] tok/step | loss 0.921 +/- 0.277 | skipped 0
step 215530 | loss 0.5316 | ppl 1.7 | acc 0.890 | lr 8.29e-05 | grad_norm 1.61 | 1301 tok/s | sup 19551 tok/step | ema_loss 1.0743 | ema_ppl 3.1 | ema_acc 0.775 | ema_grad 1.76
  skipped micro-step: loss 8.38 (per-token threshold 5.0)
  skipped micro-step: loss 8.59 (per-token threshold 5.0)
  window(n=10): sup 11511 +/- 4342 [6435..21642] tok/step | loss 1.246 +/- 0.155 | skipped 2
step 215540 | loss 1.1040 | ppl 3.0 | acc 0.767 | lr 8.29e-05 | grad_norm 1.88 | 535 tok/s | sup 21642 tok/step | ema_loss 1.0907 | ema_ppl 3.2 | ema_acc 0.772 | ema_grad 1.71
  skipped micro-step: loss 8.29 (per-token threshold 5.0)
  window(n=10): sup 19182 +/- 6236 [12572..28855] tok/step | loss 1.273 +/- 0.525 | skipped 1
step 215550 | loss 1.1574 | ppl 3.2 | acc 0.692 | lr 8.29e-05 | grad_norm 2.52 | 963 tok/s | sup 28855 tok/step | ema_loss 1.1090 | ema_ppl 3.2 | ema_acc 0.763 | ema_grad 1.76
  skipped micro-step: loss 8.72 (per-token threshold 5.0)
  skipped micro-step: loss 8.09 (per-token threshold 5.0)
  skipped micro-step: loss 8.14 (per-token threshold 5.0)
  window(n=10): sup 16028 +/- 5516 [6331..27846] tok/step | loss 1.743 +/- 0.247 | skipped 3
step 215560 | loss 2.1440 | ppl 8.5 | acc 0.403 | lr 8.29e-05 | grad_norm 4.84 | 349 tok/s | sup 20853 tok/step | ema_loss 1.1700 | ema_ppl 3.5 | ema_acc 0.740 | ema_grad 1.85
  skipped micro-step: loss 8.46 (per-token threshold 5.0)
  skipped micro-step: loss 7.71 (per-token threshold 5.0)
  skipped micro-step: loss 9.21 (per-token threshold 5.0)
  skipped micro-step: loss 8.86 (per-token threshold 5.0)
  window(n=10): sup 14859 +/- 4494 [6945..21256] tok/step | loss 1.461 +/- 0.457 | skipped 4
step 215570 | loss 0.7968 | ppl 2.2 | acc 0.815 | lr 8.29e-05 | grad_norm 1.49 | 640 tok/s | sup 18957 tok/step | ema_loss 1.1969 | ema_ppl 3.6 | ema_acc 0.728 | ema_grad 1.87
  skipped micro-step: loss 8.66 (per-token threshold 5.0)
  window(n=10): sup 20136 +/- 4319 [13414..25901] tok/step | loss 1.173 +/- 0.167 | skipped 1
step 215580 | loss 0.9723 | ppl 2.6 | acc 0.798 | lr 8.29e-05 | grad_norm 1.35 | 407 tok/s | sup 13414 tok/step | ema_loss 1.1945 | ema_ppl 3.6 | ema_acc 0.731 | ema_grad 1.90
  skipped micro-step: loss 9.01 (per-token threshold 5.0)
  skipped micro-step: loss 8.97 (per-token threshold 5.0)
  skipped micro-step: loss 8.36 (per-token threshold 5.0)
  window(n=10): sup 10915 +/- 2976 [6639..16006] tok/step | loss 1.069 +/- 0.150 | skipped 3
step 215590 | loss 1.1891 | ppl 3.3 | acc 0.702 | lr 8.29e-05 | grad_norm 1.64 | 1187 tok/s | sup 12813 tok/step | ema_loss 1.1828 | ema_ppl 3.5 | ema_acc 0.734 | ema_grad 1.84
  skipped micro-step: loss 8.29 (per-token threshold 5.0)
  window(n=10): sup 16462 +/- 3382 [12057..23087] tok/step | loss 1.225 +/- 0.442 | skipped 1
step 215600 | loss 0.9294 | ppl 2.5 | acc 0.817 | lr 8.29e-05 | grad_norm 1.39 | 477 tok/s | sup 16215 tok/step | ema_loss 1.1864 | ema_ppl 3.5 | ema_acc 0.737 | ema_grad 1.92
  skipped micro-step: loss 8.27 (per-token threshold 5.0)
  skipped micro-step: loss 8.87 (per-token threshold 5.0)
  skipped micro-step: loss 8.80 (per-token threshold 5.0)
  window(n=10): sup 10473 +/- 4280 [4062..20415] tok/step | loss 1.222 +/- 0.189 | skipped 3
step 215610 | loss 0.9545 | ppl 2.6 | acc 0.816 | lr 8.29e-05 | grad_norm 1.76 | 1125 tok/s | sup 13885 tok/step | ema_loss 1.1895 | ema_ppl 3.5 | ema_acc 0.738 | ema_grad 1.84
  window(n=10): sup 18369 +/- 4551 [13054..25206] tok/step | loss 1.059 +/- 0.236 | skipped 0
step 215620 | loss 1.0294 | ppl 2.8 | acc 0.806 | lr 8.29e-05 | grad_norm 2.31 | 766 tok/s | sup 22327 tok/step | ema_loss 1.1771 | ema_ppl 3.5 | ema_acc 0.742 | ema_grad 1.84
saved checkpoint: ./checkpoints/step_big_fim_215625.pt (model only)
===== step 215625 | FIM checkpoint sample =====
-- context --
(none)
-- <fim_prefix> --
[...] new SqlConnection();
    //指派連線字串
    conn.ConnectionString = Configuration.GetConnectionString("DefaultConnection
");
    return conn;
});
builder.Services.AddScoped<IToDoListRepository, ToDoListRepository>();

#region jwt
builder.Services.AddSingleton<JwtHelpers>();
builder.Services.AddAuthentication(JwtBearerDefaults.AuthenticationScheme)
    .AddJwtBearer(options =>
    {
        // 當驗證失敗時，回應標頭會包含 WWW-Authenticate 標頭，這裡會顯示失敗的
詳細錯誤原因
        options.IncludeErrorDetails = true;
        options.TokenValidationParameters = new TokenValidationParameters
        {
            // 透過這項宣告，就可以從 "sub"
-- <fim_suffix> --
<lang>c#</lang>取值，並可讓 [Authorize] 判斷角色
            RoleClaimType = "http://schemas.microsoft.com/ws/2008/06/identity/cl
aims/role",
            // 一般我們都會驗證 Issuer
            ValidateIssuer = true,//是誰核發的(false 不驗證)
            ValidIssuer = builder.Configuration.GetValue<string>("JwtSettings:Is
suer"),

            // 通常不太需要驗證 Audience
            ValidateAudience = false,//那些客戶(client)可以使用
            //ValidAudience = "JwtAuthDemo", // 不驗證就不需要填寫

            // 一般我們都會驗證 Token 的有效期間
            ValidateLifetime = true,

            // 如果 Token 中包含 key 才需要驗證，一般都只有簽章而已
            ValidateIssuer [...]
-- <fim_middle> | model output --
自定义后才能参考到自定义的请求  没有當驗證
            // 3.2.3 2.5.3 用/4.7.3 不用 自定义 NULL 不进行过滤
            // 4.7.3.1 至 自定义 NULL 不进行过滤
            // 4.7.3.2 自定义 NULL 不进行过滤
            // 4.7.
-- final code (prefix + generated + suffix) --
<lang>c#</lang>using Generally.Interfaces;
using Generally.Repositories;
using Microsoft.AspNetCore.Authentication.JwtBearer;
using Microsoft.IdentityModel.Tokens;
using System.Data;
using System.Data.SqlClient;
using System.Security.Claims;
using System.Text;
using WebApIJWT_Ex.CS;

var builder = WebApplication.CreateBuilder(args);

// Add services to the container.

builder.Services.AddControllers();
// Learn more about configuring Swagger/OpenAPI at https://aka.ms/aspnetcore/swa
shbuckle
builder.Services.AddEndpointsApiExplorer();
builder.Services.AddSwaggerGen();


IConfiguration Configuration = builder.Configuration;
builder.Services.AddScoped<IDbConnection, SqlConnection>(serviceProvider => {
    SqlConnection conn = new SqlConnection();
    //指派連線字串
    conn.ConnectionString = Configuration.GetConnectionString("DefaultConnection
");
    return conn;
});
builder.Services.AddScoped<IToDoListRepository, ToDoListRepository>();

#region jwt
builder.Services.AddSingleton<JwtHelpers>();
builder.Services.AddAuthentication(JwtBearerDefaults.AuthenticationScheme)
    .AddJwtBearer(options =>
    {
        // 當驗證失敗時，回應標頭會包含 WWW-Authenticate 標頭，這裡會顯示失敗的
詳細錯誤原因
        options.IncludeErrorDetails = true;
        options.TokenValidationParameters = new TokenValidationParameters
        {
            // 透過這項宣告，就可以從 "sub" 自定义后才能参考到自定义的请求  没有
當驗證
            // 3.2.3 2.5.3 用/4.7.3 不用 自定义 NULL 不进行过滤
            // 4.7.3.1 至 自定义 NULL 不进行过滤
            // 4.7.3.2 自定义 NULL 不进行过滤
            // 4.7.<lang>c#</lang>取值，並可讓 [Authorize] 判斷角色
            RoleClaimType = "http://schemas.microsoft.com/ws/2008/06/identity/cl
aims/role",
            // 一般我們都會驗證 Issuer
            ValidateIssuer = true,//是誰核發的(false 不驗證)
            ValidIssuer = builder.Configuration.GetValue<string>("JwtSettings:Is
suer"),

            // 通常不太需要驗證 Audience
            ValidateAudience = false,//那些客戶(client)可以使用
            //ValidAudience = "JwtAuthDemo", // 不驗證就不需要填寫

            // 一般我們都會驗證 Token 的有效期間
            ValidateLifetime = true,

            // 如果 Token 中包含 key 才需要驗證，一般都只有簽章而已
            ValidateIssuerSigningKey = false,
            // "1234567890123456" 應該從 IConfiguration 取得
            IssuerSigningKey = new SymmetricSecurityKey(Encoding.UTF8.GetBytes(b
uilder.Configuration.GetValue<string>("JwtSettings:SignKey")))

        };
    });
builder.Services.AddAuthorization();
#endregion


var app = builder.Build();
// Configure the HTTP request pipeline.
if (app.Environment.IsDevelopment())
{
    app.UseSwagger();
    app.UseSwaggerUI();
}

app.UseHttpsRedirection();

//需在UseHttpsRedirection後面
#region jwt
app.UseAuthentication();
app.UseAuthorization();
#endregion
app.MapControllers();


//jwt 發token
app.MapPost("/signin", (LoginViewModel login, JwtHelpers jwt) =>
{
    if (ValidateUser(login))
    {
        var token = jwt.GenerateToken(login.Username);
        return Results.Ok(new { token });
    }
    else
    {
        return Results.BadRequest();
    }
})
    .WithName("SignIn")

[...]
============================================================================

removed old checkpoint: step_big_fim_215500.pt
  eval @ step 215625: loss 1.2718 | ppl 3.6
  fim eval @ step 215625: loss 1.1784 | ppl 3.2
  fim gen eval @ step 215625: top1_tf 0.272 | prefix_acc 0.152 | exact@32 0.06 | first-line 0.22 | edit-sim 0.297
  skipped micro-step: loss 8.95 (per-token threshold 5.0)
  skipped micro-step: loss 8.43 (per-token threshold 5.0)
  window(n=10): sup 13548 +/- 4638 [4740..23281] tok/step | loss 0.962 +/- 0.276 | skipped 2
step 215630 | loss 1.2461 | ppl 3.5 | acc 0.731 | lr 8.29e-05 | grad_norm 1.15 | 1616 tok/s | sup 10874 tok/step | ema_loss 1.1570 | ema_ppl 3.4 | ema_acc 0.748 | ema_grad 1.78
  skipped micro-step: loss 8.71 (per-token threshold 5.0)
  window(n=10): sup 15027 +/- 5421 [8783..26822] tok/step | loss 1.138 +/- 0.430 | skipped 1
step 215640 | loss 0.3849 | ppl 1.5 | acc 0.918 | lr 8.29e-05 | grad_norm 0.88 | 458 tok/s | sup 13598 tok/step | ema_loss 1.1544 | ema_ppl 3.4 | ema_acc 0.750 | ema_grad 1.77
  skipped micro-step: loss 8.40 (per-token threshold 5.0)
  skipped micro-step: loss 7.81 (per-token threshold 5.0)
  window(n=10): sup 17607 +/- 3750 [13070..24102] tok/step | loss 0.507 +/- 0.181 | skipped 2
step 215650 | loss 0.3968 | ppl 1.5 | acc 0.910 | lr 8.29e-05 | grad_norm 0.76 | 403 tok/s | sup 13362 tok/step | ema_loss 1.0922 | ema_ppl 3.2 | ema_acc 0.764 | ema_grad 1.71
  skipped micro-step: loss 8.28 (per-token threshold 5.0)
  skipped micro-step: loss 8.10 (per-token threshold 5.0)
  skipped micro-step: loss 8.38 (per-token threshold 5.0)
  skipped micro-step: loss 8.81 (per-token threshold 5.0)
  skipped micro-step: loss 8.45 (per-token threshold 5.0)
  window(n=10): sup 16181 +/- 4023 [9554..22511] tok/step | loss 0.738 +/- 0.183 | skipped 5
step 215660 | loss 0.8098 | ppl 2.2 | acc 0.840 | lr 8.29e-05 | grad_norm 1.40 | 1036 tok/s | sup 14225 tok/step | ema_loss 1.0587 | ema_ppl 3.1 | ema_acc 0.772 | ema_grad 1.67
  skipped micro-step: loss 8.87 (per-token threshold 5.0)
  skipped micro-step: loss 9.03 (per-token threshold 5.0)
  skipped micro-step: loss 8.66 (per-token threshold 5.0)
  skipped micro-step: loss 8.44 (per-token threshold 5.0)
  window(n=10): sup 14170 +/- 5403 [5603..22924] tok/step | loss 1.124 +/- 0.154 | skipped 4
step 215670 | loss 1.2500 | ppl 3.5 | acc 0.725 | lr 8.29e-05 | grad_norm 0.90 | 1185 tok/s | sup 7569 tok/step | ema_loss 1.0652 | ema_ppl 3.1 | ema_acc 0.772 | ema_grad 1.64
  skipped micro-step: loss 8.53 (per-token threshold 5.0)
  window(n=10): sup 15198 +/- 6123 [8466..30837] tok/step | loss 1.176 +/- 0.253 | skipped 1
step 215680 | loss 1.4023 | ppl 4.1 | acc 0.715 | lr 8.29e-05 | grad_norm 1.73 | 877 tok/s | sup 13182 tok/step | ema_loss 1.0756 | ema_ppl 3.2 | ema_acc 0.771 | ema_grad 1.63
  skipped micro-step: loss 9.62 (per-token threshold 5.0)
  window(n=10): sup 16734 +/- 2825 [12169..20633] tok/step | loss 0.847 +/- 0.127 | skipped 1
step 215690 | loss 0.7819 | ppl 2.2 | acc 0.803 | lr 8.29e-05 | grad_norm 1.13 | 487 tok/s | sup 14709 tok/step | ema_loss 1.0535 | ema_ppl 3.1 | ema_acc 0.773 | ema_grad 1.60
  skipped micro-step: loss 8.39 (per-token threshold 5.0)
  skipped micro-step: loss 8.17 (per-token threshold 5.0)
  skipped micro-step: loss 7.82 (per-token threshold 5.0)
  window(n=10): sup 16050 +/- 3396 [12460..21064] tok/step | loss 0.671 +/- 0.120 | skipped 3
step 215700 | loss 0.6628 | ppl 1.9 | acc 0.826 | lr 8.29e-05 | grad_norm 1.39 | 543 tok/s | sup 18322 tok/step | ema_loss 1.0170 | ema_ppl 3.0 | ema_acc 0.779 | ema_grad 1.56
  skipped micro-step: loss 8.30 (per-token threshold 5.0)
  window(n=10): sup 17992 +/- 3425 [12687..23731] tok/step | loss 1.115 +/- 0.681 | skipped 1
step 215710 | loss 2.8412 | ppl 17.1 | acc 0.532 | lr 8.29e-05 | grad_norm 2.52 | 670 tok/s | sup 12687 tok/step | ema_loss 1.0276 | ema_ppl 3.1 | ema_acc 0.778 | ema_grad 1.60
  skipped micro-step: loss 8.21 (per-token threshold 5.0)
  skipped micro-step: loss 8.64 (per-token threshold 5.0)
  window(n=10): sup 15934 +/- 5795 [8534..29513] tok/step | loss 1.632 +/- 0.677 | skipped 2
step 215720 | loss 1.0376 | ppl 2.8 | acc 0.767 | lr 8.29e-05 | grad_norm 1.01 | 1261 tok/s | sup 9169 tok/step | ema_loss 1.0843 | ema_ppl 3.4 | ema_acc 0.771 | ema_grad 1.66
  skipped micro-step: loss 8.60 (per-token threshold 5.0)
  skipped micro-step: loss 8.98 (per-token threshold 5.0)
  window(n=10): sup 12702 +/- 5033 [7208..20440] tok/step | loss 1.245 +/- 0.227 | skipped 2
step 215730 | loss 0.8496 | ppl 2.3 | acc 0.800 | lr 8.29e-05 | grad_norm 1.51 | 702 tok/s | sup 20440 tok/step | ema_loss 1.0993 | ema_ppl 3.4 | ema_acc 0.768 | ema_grad 1.63
  skipped micro-step: loss 9.81 (per-token threshold 5.0)
  skipped micro-step: loss 8.70 (per-token threshold 5.0)
  window(n=10): sup 14052 +/- 5244 [6512..23831] tok/step | loss 1.150 +/- 0.163 | skipped 2
step 215740 | loss 1.0669 | ppl 2.9 | acc 0.774 | lr 8.29e-05 | grad_norm 0.85 | 986 tok/s | sup 7545 tok/step | ema_loss 1.1042 | ema_ppl 3.4 | ema_acc 0.768 | ema_grad 1.62
  skipped micro-step: loss 8.66 (per-token threshold 5.0)
  skipped micro-step: loss 8.29 (per-token threshold 5.0)
  window(n=10): sup 13806 +/- 4875 [5923..23358] tok/step | loss 1.153 +/- 0.129 | skipped 2
step 215750 | loss 1.1420 | ppl 3.1 | acc 0.773 | lr 8.29e-05 | grad_norm 1.35 | 495 tok/s | sup 14971 tok/step | ema_loss 1.1087 | ema_ppl 3.4 | ema_acc 0.766 | ema_grad 1.62
saved checkpoint: ./checkpoints/step_big_fim_215750.pt (model only)
===== step 215750 | FIM checkpoint sample =====
-- context --
(none)
-- <fim_prefix> --
[...] -hoc meeting is `true` and the user's input value
            will be ignored.
        :type enable_connect_audio_before_host: bool
        :param join_before_host_minutes: Number of minutes an attendee can join
the meeting before the meeting start
            time and the host joins. This attribute is only applicable if the `e
nabledJoinBeforeHost` attribute is set
            to true. Valid options for a meeting are `0`, `5`, `10`, and `15`, a
nd valid options for a webinar are
            `0`, `15`, `30`, `45`, and `60`. The default value for an ad-hoc mee
ting is 0 and the user's input value

-- <fim_suffix> --
<lang>python</lang>       :param public_meeting: Whether or not to allow the mee
ting to be listed on the public calendar. The default
            value for an ad-hoc meeting is `false` and the user's input value wi
ll be ignored.
        :type public_meeting: bool
        :param reminder_time: The number of minutes before the meeting begins, t
hat an email reminder is sent to the
            host. This parameter is ignored for an ad-hoc meeting.
        :type reminder_time: int
        :param unlocked_meeting_join_security: Specifies how the people who aren
't on the invite can join the unlocked
 [...]
-- <fim_middle> | model output --
           meetings that may be too early to be monitored for a regular meeting.
 For example, the
            meetings of a webinar accidentally respond to the email in their liv
e form when
            following the email, but it may also be a security risk.

        :return: The name of a sure-to-be-marked-off-of-the-room.
        :rtype: timezone
        :tracebackime: 1.2.20
        :rtype: datetime
        """
        return timezone

        :param
-- final code (prefix + generated + suffix) --
[...]
hen joining the meeting. The target site is specified by `siteUrl` parameter whe
n
            creating the meeting; if not specified, it's the user's preferred si
te. The default value for an ad-hoc
            meeting is `true` and the user's input value will be ignored.
        :type allow_any_user_to_be_co_host: bool
        :param enabled_join_before_host: Whether or not to allow any attendee to
 join the meeting before the host joins
            the meeting. The default value for an ad-hoc meeting is `true` and t
he user's input value will be ignored.
        :type enabled_join_before_host: bool
        :param enable_connect_audio_before_host: Whether or not to allow any att
endee to connect audio in the meeting
            before the host joins the meeting. This attribute is only applicable
 if the `enabledJoinBeforeHost`
            attribute is set to true. The default value for an ad-hoc meeting is
 `true` and the user's input value
            will be ignored.
        :type enable_connect_audio_before_host: bool
        :param join_before_host_minutes: Number of minutes an attendee can join
the meeting before the meeting start
            time and the host joins. This attribute is only applicable if the `e
nabledJoinBeforeHost` attribute is set
            to true. Valid options for a meeting are `0`, `5`, `10`, and `15`, a
nd valid options for a webinar are
            `0`, `15`, `30`, `45`, and `60`. The default value for an ad-hoc mee
ting is 0 and the user's input value
           meetings that may be too early to be monitored for a regular meeting.
 For example, the
            meetings of a webinar accidentally respond to the email in their liv
e form when
            following the email, but it may also be a security risk.

        :return: The name of a sure-to-be-marked-off-of-the-room.
        :rtype: timezone
        :tracebackime: 1.2.20
        :rtype: datetime
        """
        return timezone

        :param<lang>python</lang>       :param public_meeting: Whether or not to
 allow the meeting to be listed on the public calendar. The default
            value for an ad-hoc meeting is `false` and the user's input value wi
ll be ignored.
        :type public_meeting: bool
        :param reminder_time: The number of minutes before the meeting begins, t
hat an email reminder is sent to the
            host. This parameter is ignored for an ad-hoc meeting.
        :type reminder_time: int
        :param unlocked_meeting_join_security: Specifies how the people who aren
't on the invite can join the unlocked
            meeting. The default value for an ad-hoc meeting is `allowJoinWithLo
bby` and the user's input value will
            be ignored.
        :type unlocked_meeting_join_security: MeetingSeriesObjectUnlockedMeeting
JoinSecurity
        :param session_type_id: Unique identifier for a meeting session type for
 the user. This attribute is required
            when scheduling a webinar meeting. All available meeting session typ
es enabled for the user can be
            retrieved using the `List Meeting Session Types
            <https://developer.webex.com/docs/api/v1/meetings/list-meeting-sessi
on-types>`_ API.
        :type session_type_id: int
        :param scheduled_type: When set as an attribute in a POST request body,
specifies whether it's a regular
            meeting, a webinar, or a meeting scheduled in the user's `personal r
oom
            <https://help.webex.com/en-us/articl
[...]
============================================================================

removed old checkpoint: step_big_fim_215625.pt
  eval @ step 215750: loss 1.2719 | ppl 3.6
  fim eval @ step 215750: loss 1.1782 | ppl 3.2
  fim gen eval @ step 215750: top1_tf 0.273 | prefix_acc 0.124 | exact@32 0.03 | first-line 0.19 | edit-sim 0.283
  skipped micro-step: loss 8.75 (per-token threshold 5.0)
  window(n=10): sup 12416 +/- 3207 [8987..19418] tok/step | loss 1.302 +/- 0.211 | skipped 1
step 215760 | loss 1.4831 | ppl 4.4 | acc 0.685 | lr 8.29e-05 | grad_norm 1.22 | 1346 tok/s | sup 9045 tok/step | ema_loss 1.1271 | ema_ppl 3.4 | ema_acc 0.763 | ema_grad 1.60
  skipped micro-step: loss 8.24 (per-token threshold 5.0)
  window(n=10): sup 15514 +/- 5543 [5808..25278] tok/step | loss 1.164 +/- 0.278 | skipped 1
step 215770 | loss 0.9023 | ppl 2.5 | acc 0.788 | lr 8.29e-05 | grad_norm 1.17 | 453 tok/s | sup 13583 tok/step | ema_loss 1.1309 | ema_ppl 3.4 | ema_acc 0.763 | ema_grad 1.61
  window(n=10): sup 18361 +/- 7077 [9289..31235] tok/step | loss 1.121 +/- 0.253 | skipped 0
step 215780 | loss 1.1166 | ppl 3.1 | acc 0.766 | lr 8.29e-05 | grad_norm 1.01 | 1299 tok/s | sup 9289 tok/step | ema_loss 1.1303 | ema_ppl 3.4 | ema_acc 0.763 | ema_grad 1.64
  skipped micro-step: loss 8.61 (per-token threshold 5.0)
  skipped micro-step: loss 8.16 (per-token threshold 5.0)
  skipped micro-step: loss 7.67 (per-token threshold 5.0)
  window(n=10): sup 14562 +/- 6947 [6552..27085] tok/step | loss 1.107 +/- 0.238 | skipped 3
step 215790 | loss 0.6659 | ppl 1.9 | acc 0.844 | lr 8.29e-05 | grad_norm 1.51 | 590 tok/s | sup 17675 tok/step | ema_loss 1.1278 | ema_ppl 3.4 | ema_acc 0.764 | ema_grad 1.63
  skipped micro-step: loss 9.30 (per-token threshold 5.0)
  skipped micro-step: loss 8.24 (per-token threshold 5.0)
  skipped micro-step: loss 8.07 (per-token threshold 5.0)
  skipped micro-step: loss 9.17 (per-token threshold 5.0)
  window(n=10): sup 10562 +/- 5397 [5443..24196] tok/step | loss 1.257 +/- 0.226 | skipped 4
step 215800 | loss 0.9305 | ppl 2.5 | acc 0.811 | lr 8.29e-05 | grad_norm 3.53 | 459 tok/s | sup 24196 tok/step | ema_loss 1.1403 | ema_ppl 3.4 | ema_acc 0.762 | ema_grad 1.59
  skipped micro-step: loss 8.97 (per-token threshold 5.0)
  skipped micro-step: loss 8.58 (per-token threshold 5.0)
  skipped micro-step: loss 8.82 (per-token threshold 5.0)
  window(n=10): sup 13834 +/- 1282 [12002..16248] tok/step | loss 1.365 +/- 0.533 | skipped 3
step 215810 | loss 1.1585 | ppl 3.2 | acc 0.749 | lr 8.29e-05 | grad_norm 1.40 | 228 tok/s | sup 14096 tok/step | ema_loss 1.1610 | ema_ppl 3.5 | ema_acc 0.759 | ema_grad 1.71
  skipped micro-step: loss 8.91 (per-token threshold 5.0)
  skipped micro-step: loss 8.65 (per-token threshold 5.0)
  skipped micro-step: loss 9.08 (per-token threshold 5.0)
  window(n=10): sup 12405 +/- 5270 [6359..21882] tok/step | loss 1.237 +/- 0.161 | skipped 3
step 215820 | loss 1.4810 | ppl 4.4 | acc 0.695 | lr 8.29e-05 | grad_norm 0.89 | 967 tok/s | sup 6359 tok/step | ema_loss 1.1685 | ema_ppl 3.5 | ema_acc 0.758 | ema_grad 1.68
  skipped micro-step: loss 9.19 (per-token threshold 5.0)
  window(n=10): sup 17916 +/- 4489 [10791..23460] tok/step | loss 1.135 +/- 0.257 | skipped 1
step 215830 | loss 1.0548 | ppl 2.9 | acc 0.797 | lr 8.29e-05 | grad_norm 1.41 | 634 tok/s | sup 14875 tok/step | ema_loss 1.1651 | ema_ppl 3.5 | ema_acc 0.759 | ema_grad 1.71
  skipped micro-step: loss 8.41 (per-token threshold 5.0)
  skipped micro-step: loss 7.38 (per-token threshold 5.0)
  window(n=10): sup 11630 +/- 2702 [7842..15729] tok/step | loss 1.215 +/- 0.210 | skipped 2
step 215840 | loss 1.2528 | ppl 3.5 | acc 0.779 | lr 8.29e-05 | grad_norm 1.48 | 1171 tok/s | sup 14999 tok/step | ema_loss 1.1699 | ema_ppl 3.5 | ema_acc 0.758 | ema_grad 1.66
  skipped micro-step: loss 8.30 (per-token threshold 5.0)
  skipped micro-step: loss 8.54 (per-token threshold 5.0)
  window(n=10): sup 16104 +/- 3416 [12315..23609] tok/step | loss 0.865 +/- 0.198 | skipped 2
step 215850 | loss 1.0323 | ppl 2.8 | acc 0.771 | lr 8.29e-05 | grad_norm 1.14 | 993 tok/s | sup 12315 tok/step | ema_loss 1.1409 | ema_ppl 3.4 | ema_acc 0.764 | ema_grad 1.63
  window(n=10): sup 13796 +/- 8397 [6265..28059] tok/step | loss 1.316 +/- 0.174 | skipped 0
step 215860 | loss 1.4056 | ppl 4.1 | acc 0.737 | lr 8.29e-05 | grad_norm 1.72 | 441 tok/s | sup 19575 tok/step | ema_loss 1.1576 | ema_ppl 3.4 | ema_acc 0.761 | ema_grad 1.64
  skipped micro-step: loss 7.95 (per-token threshold 5.0)
  skipped micro-step: loss 8.92 (per-token threshold 5.0)
  window(n=10): sup 12304 +/- 3685 [4915..19962] tok/step | loss 1.211 +/- 0.082 | skipped 2
step 215870 | loss 1.1898 | ppl 3.3 | acc 0.744 | lr 8.29e-05 | grad_norm 0.94 | 1415 tok/s | sup 8948 tok/step | ema_loss 1.1628 | ema_ppl 3.4 | ema_acc 0.760 | ema_grad 1.60
  skipped micro-step: loss 7.97 (per-token threshold 5.0)
  skipped micro-step: loss 7.94 (per-token threshold 5.0)
saved checkpoint: ./checkpoints/step_big_fim_215875.pt (model only)
===== step 215875 | FIM checkpoint sample =====
-- context --
(none)
-- <fim_prefix> --
[...]  pool in gecko-3-b-win2012 gecko-3-b-win2012-c4 gecko-3-b-win2012-c5; do
  instance=$(aws ec2 describe-instances --profile moz-tc --region us-west-2 --fi
lters Name=key-name,Values=mozilla-taskcluster-worker-${pool} Name=instance-stat
e-name,Values=running --query Reservations[0].Instances[0] | jq -c -r '.Instance
Id, .NetworkInterfaces[0].Association.PublicIp')
  read -r instance_id public_ip <<<"${instance//$'\n'/ }"
  userdata=$(aws ec2 describe-instance-attribute --profile moz-tc --region us-we
st-2 --instance-id ${instance_id} --attribute userData | jq -r '.UserData.Value'
 | base64 --decode)

-- <fim_suffix> --
<lang>shell</lang> xfreerdp /u:Administrator /p:"${password}" /kbd:809 /w:2400 /
h:1200 +clipboard /v:${public_ip}
done

-- <fim_middle> | model output --
 echo "${userdata}"
  echo "${userdata}"
  echo "${userdata}"
  echo "${userdata}"
  echo "${userdata}"
  echo "${userdata}"
  echo "${userdata}"
  echo "${userdata}"
  echo "${userdata}"
  echo "${userdata}"
  echo "${userdata}"
  echo "${userdata}"
  echo "${userdata}"
  echo "${userdata}"
  echo "${userdata}"

-- final code (prefix + generated + suffix) --
<lang>shell</lang>#!/bin/bash

for pool in gecko-3-b-win2012 gecko-3-b-win2012-c4 gecko-3-b-win2012-c5; do
  instance=$(aws ec2 describe-instances --profile moz-tc --region us-west-2 --fi
lters Name=key-name,Values=mozilla-taskcluster-worker-${pool} Name=instance-stat
e-name,Values=running --query Reservations[0].Instances[0] | jq -c -r '.Instance
Id, .NetworkInterfaces[0].Association.PublicIp')
  read -r instance_id public_ip <<<"${instance//$'\n'/ }"
  userdata=$(aws ec2 describe-instance-attribute --profile moz-tc --region us-we
st-2 --instance-id ${instance_id} --attribute userData | jq -r '.UserData.Value'
 | base64 --decode)
 echo "${userdata}"
  echo "${userdata}"
  echo "${userdata}"
  echo "${userdata}"
  echo "${userdata}"
  echo "${userdata}"
  echo "${userdata}"
  echo "${userdata}"
  echo "${userdata}"
  echo "${userdata}"
  echo "${userdata}"
  echo "${userdata}"
  echo "${userdata}"
  echo "${userdata}"
  echo "${userdata}"
<lang>shell</lang> xfreerdp /u:Administrator /p:"${password}" /kbd:809 /w:2400 /
h:1200 +clipboard /v:${public_ip}
done

============================================================================

removed old checkpoint: step_big_fim_215750.pt
  eval @ step 215875: loss 1.2717 | ppl 3.6
  fim eval @ step 215875: loss 1.1778 | ppl 3.2
  fim gen eval @ step 215875: top1_tf 0.272 | prefix_acc 0.152 | exact@32 0.06 | first-line 0.22 | edit-sim 0.297
  window(n=10): sup 14323 +/- 7487 [3018..29255] tok/step | loss 1.245 +/- 0.535 | skipped 2
step 215880 | loss 1.2897 | ppl 3.6 | acc 0.741 | lr 8.29e-05 | grad_norm 2.14 | 823 tok/s | sup 23938 tok/step | ema_loss 1.1711 | ema_ppl 3.5 | ema_acc 0.758 | ema_grad 1.61
  skipped micro-step: loss 8.09 (per-token threshold 5.0)
  skipped micro-step: loss 8.43 (per-token threshold 5.0)
  skipped micro-step: loss 8.76 (per-token threshold 5.0)
  window(n=10): sup 10567 +/- 4495 [6294..20051] tok/step | loss 1.422 +/- 0.472 | skipped 3
step 215890 | loss 1.0704 | ppl 2.9 | acc 0.769 | lr 8.29e-05 | grad_norm 0.76 | 840 tok/s | sup 6294 tok/step | ema_loss 1.1943 | ema_ppl 3.6 | ema_acc 0.754 | ema_grad 1.57
  skipped micro-step: loss 8.90 (per-token threshold 5.0)
  window(n=10): sup 15651 +/- 4516 [8314..23079] tok/step | loss 1.084 +/- 0.191 | skipped 1
step 215900 | loss 1.2336 | ppl 3.4 | acc 0.727 | lr 8.29e-05 | grad_norm 2.00 | 437 tok/s | sup 13094 tok/step | ema_loss 1.1836 | ema_ppl 3.5 | ema_acc 0.755 | ema_grad 1.59
  skipped micro-step: loss 8.51 (per-token threshold 5.0)
  window(n=10): sup 18491 +/- 7667 [7342..29798] tok/step | loss 1.140 +/- 0.157 | skipped 1
step 215910 | loss 1.0876 | ppl 3.0 | acc 0.744 | lr 8.28e-05 | grad_norm 0.86 | 1143 tok/s | sup 7342 tok/step | ema_loss 1.1794 | ema_ppl 3.5 | ema_acc 0.755 | ema_grad 1.68
  skipped micro-step: loss 8.58 (per-token threshold 5.0)
  window(n=10): sup 14633 +/- 5354 [7523..23156] tok/step | loss 1.263 +/- 0.268 | skipped 1
step 215920 | loss 1.8332 | ppl 6.3 | acc 0.634 | lr 8.28e-05 | grad_norm 3.81 | 806 tok/s | sup 22573 tok/step | ema_loss 1.1876 | ema_ppl 3.5 | ema_acc 0.754 | ema_grad 1.68
  skipped micro-step: loss 9.05 (per-token threshold 5.0)
  skipped micro-step: loss 9.17 (per-token threshold 5.0)
  window(n=10): sup 12813 +/- 4992 [6388..25157] tok/step | loss 1.224 +/- 0.222 | skipped 2
step 215930 | loss 1.3595 | ppl 3.9 | acc 0.725 | lr 8.28e-05 | grad_norm 1.05 | 1290 tok/s | sup 9221 tok/step | ema_loss 1.1915 | ema_ppl 3.5 | ema_acc 0.753 | ema_grad 1.65
  skipped micro-step: loss 8.27 (per-token threshold 5.0)
  window(n=10): sup 15035 +/- 3828 [8554..20907] tok/step | loss 1.115 +/- 0.508 | skipped 1
step 215940 | loss 2.1259 | ppl 8.4 | acc 0.520 | lr 8.28e-05 | grad_norm 12.75 | 786 tok/s | sup 12335 tok/step | ema_loss 1.1846 | ema_ppl 3.5 | ema_acc 0.754 | ema_grad 1.80
  window(n=10): sup 19658 +/- 6541 [9404..29102] tok/step | loss 1.552 +/- 0.334 | skipped 0
step 215950 | loss 1.3901 | ppl 4.0 | acc 0.684 | lr 8.28e-05 | grad_norm 1.98 | 109 tok/s | sup 9404 tok/step | ema_loss 1.2201 | ema_ppl 3.7 | ema_acc 0.743 | ema_grad 2.73
  skipped micro-step: loss 9.80 (per-token threshold 5.0)
  window(n=10): sup 15776 +/- 4084 [8131..20865] tok/step | loss 1.519 +/- 0.078 | skipped 1
step 215960 | loss 1.3800 | ppl 4.0 | acc 0.710 | lr 8.28e-05 | grad_norm 2.20 | 332 tok/s | sup 18928 tok/step | ema_loss 1.2485 | ema_ppl 3.8 | ema_acc 0.732 | ema_grad 3.02
  skipped micro-step: loss 8.66 (per-token threshold 5.0)
  window(n=10): sup 17562 +/- 3092 [14398..22915] tok/step | loss 1.455 +/- 0.282 | skipped 1
step 215970 | loss 1.2439 | ppl 3.5 | acc 0.678 | lr 8.28e-05 | grad_norm 8.50 | 762 tok/s | sup 22915 tok/step | ema_loss 1.2686 | ema_ppl 3.8 | ema_acc 0.727 | ema_grad 3.67
  window(n=10): sup 16308 +/- 4326 [12001..24606] tok/step | loss 1.499 +/- 0.145 | skipped 0
step 215980 | loss 1.4158 | ppl 4.1 | acc 0.634 | lr 8.28e-05 | grad_norm 4.34 | 272 tok/s | sup 12121 tok/step | ema_loss 1.2907 | ema_ppl 3.9 | ema_acc 0.719 | ema_grad 4.10
  skipped micro-step: loss 9.72 (per-token threshold 5.0)
  window(n=10): sup 16037 +/- 3501 [12211..21064] tok/step | loss 1.384 +/- 0.070 | skipped 1
step 215990 | loss 1.2685 | ppl 3.6 | acc 0.665 | lr 8.28e-05 | grad_norm 3.80 | 461 tok/s | sup 13642 tok/step | ema_loss 1.2995 | ema_ppl 3.9 | ema_acc 0.711 | ema_grad 4.19
  window(n=10): sup 19311 +/- 3645 [12453..25713] tok/step | loss 1.194 +/- 0.299 | skipped 0
step 216000 | loss 1.2054 | ppl 3.3 | acc 0.692 | lr 8.28e-05 | grad_norm 5.72 | 656 tok/s | sup 19098 tok/step | ema_loss 1.2893 | ema_ppl 3.9 | ema_acc 0.712 | ema_grad 4.12
saved checkpoint: ./checkpoints/step_big_fim_216000.pt
===== step 216000 | FIM checkpoint sample =====
-- context --
(none)
-- <fim_prefix> --
<lang>java</lang>package ru.yandex.practicum.filmorate.model;

import jakarta.validation.constraints.NotBlank;
import lombok.Builder;
import lombok.Data;
import lombok.EqualsAndHashCode;
import lombok.ToString;

@Data

-- <fim_suffix> --
<lang>java</lang>   private String name;
}
-- <fim_middle> | model output --
@ToString
@Builder
public class Category {
    @NotBlank
    @NotBlank
    private String name;


-- final code (prefix + generated + suffix) --
<lang>java</lang>package ru.yandex.practicum.filmorate.model;

import jakarta.validation.constraints.NotBlank;
import lombok.Builder;
import lombok.Data;
import lombok.EqualsAndHashCode;
import lombok.ToString;

@Data
@ToString
@Builder
public class Category {
    @NotBlank
    @NotBlank
    private String name;

<lang>java</lang>   private String name;
}
============================================================================

removed old checkpoint: step_big_fim_215875.pt
  eval @ step 216000: loss 1.2717 | ppl 3.6
  fim eval @ step 216000: loss 1.1784 | ppl 3.2
  fim gen eval @ step 216000: top1_tf 0.272 | prefix_acc 0.124 | exact@32 0.03 | first-line 0.22 | edit-sim 0.269
  skipped micro-step: loss 8.36 (per-token threshold 5.0)
  window(n=10): sup 15157 +/- 6429 [4964..23857] tok/step | loss 1.079 +/- 0.194 | skipped 1
step 216010 | loss 1.3062 | ppl 3.7 | acc 0.687 | lr 8.28e-05 | grad_norm 0.78 | 688 tok/s | sup 4964 tok/step | ema_loss 1.2695 | ema_ppl 3.8 | ema_acc 0.715 | ema_grad 4.15
  skipped micro-step: loss 9.11 (per-token threshold 5.0)
  window(n=10): sup 15496 +/- 5683 [8318..26111] tok/step | loss 1.166 +/- 0.273 | skipped 1
step 216020 | loss 0.8542 | ppl 2.3 | acc 0.803 | lr 8.28e-05 | grad_norm 1.40 | 476 tok/s | sup 14000 tok/step | ema_loss 1.2598 | ema_ppl 3.7 | ema_acc 0.720 | ema_grad 3.91
  window(n=10): sup 16236 +/- 3056 [12104..20699] tok/step | loss 0.990 +/- 0.230 | skipped 0
step 216030 | loss 0.7952 | ppl 2.2 | acc 0.818 | lr 8.28e-05 | grad_norm 1.11 | 322 tok/s | sup 14047 tok/step | ema_loss 1.2337 | ema_ppl 3.6 | ema_acc 0.724 | ema_grad 3.68
  skipped micro-step: loss 7.77 (per-token threshold 5.0)
  skipped micro-step: loss 7.16 (per-token threshold 5.0)
  skipped micro-step: loss 7.18 (per-token threshold 5.0)
  window(n=10): sup 14800 +/- 3947 [7950..20729] tok/step | loss 0.859 +/- 0.140 | skipped 3
step 216040 | loss 0.7782 | ppl 2.2 | acc 0.800 | lr 8.28e-05 | grad_norm 1.09 | 407 tok/s | sup 12301 tok/step | ema_loss 1.1977 | ema_ppl 3.5 | ema_acc 0.731 | ema_grad 3.44
  window(n=10): sup 17599 +/- 4260 [12148..26503] tok/step | loss 1.128 +/- 0.443 | skipped 0
step 216050 | loss 1.4585 | ppl 4.3 | acc 0.701 | lr 8.28e-05 | grad_norm 2.08 | 1162 tok/s | sup 17813 tok/step | ema_loss 1.1918 | ema_ppl 3.5 | ema_acc 0.733 | ema_grad 3.35
  window(n=10): sup 17857 +/- 4676 [13279..28368] tok/step | loss 1.166 +/- 0.284 | skipped 0
step 216060 | loss 0.9449 | ppl 2.6 | acc 0.820 | lr 8.28e-05 | grad_norm 10.25 | 730 tok/s | sup 21678 tok/step | ema_loss 1.1891 | ema_ppl 3.5 | ema_acc 0.737 | ema_grad 3.42
  skipped micro-step: loss 7.32 (per-token threshold 5.0)
  skipped micro-step: loss 9.29 (per-token threshold 5.0)
  window(n=10): sup 18870 +/- 2261 [16945..25026] tok/step | loss 0.684 +/- 0.200 | skipped 2
step 216070 | loss 0.7011 | ppl 2.0 | acc 0.851 | lr 8.28e-05 | grad_norm 9.00 | 1247 tok/s | sup 17635 tok/step | ema_loss 1.1405 | ema_ppl 3.4 | ema_acc 0.748 | ema_grad 3.44
  skipped micro-step: loss 8.20 (per-token threshold 5.0)
  skipped micro-step: loss 8.77 (per-token threshold 5.0)
  skipped micro-step: loss 9.22 (per-token threshold 5.0)
  window(n=10): sup 11980 +/- 6320 [4579..27701] tok/step | loss 1.118 +/- 0.372 | skipped 3
step 216080 | loss 0.5307 | ppl 1.7 | acc 0.893 | lr 8.28e-05 | grad_norm 0.98 | 859 tok/s | sup 12910 tok/step | ema_loss 1.1379 | ema_ppl 3.3 | ema_acc 0.750 | ema_grad 3.22
  skipped micro-step: loss 9.15 (per-token threshold 5.0)
  skipped micro-step: loss 8.37 (per-token threshold 5.0)
  skipped micro-step: loss 8.44 (per-token threshold 5.0)
  skipped micro-step: loss 9.14 (per-token threshold 5.0)
  skipped micro-step: loss 8.91 (per-token threshold 5.0)
  skipped micro-step: loss 8.49 (per-token threshold 5.0)
  skipped micro-step: loss 8.53 (per-token threshold 5.0)
  window(n=10): sup 14699 +/- 5566 [5758..24416] tok/step | loss 0.962 +/- 0.352 | skipped 7
step 216090 | loss 1.3065 | ppl 3.7 | acc 0.730 | lr 8.28e-05 | grad_norm 0.81 | 1003 tok/s | sup 5758 tok/step | ema_loss 1.1213 | ema_ppl 3.3 | ema_acc 0.755 | ema_grad 3.03
  skipped micro-step: loss 8.31 (per-token threshold 5.0)
  skipped micro-step: loss 8.84 (per-token threshold 5.0)
  skipped micro-step: loss 8.86 (per-token threshold 5.0)
  skipped micro-step: loss 8.37 (per-token threshold 5.0)
  skipped micro-step: loss 7.91 (per-token threshold 5.0)
  window(n=10): sup 14082 +/- 6466 [4515..26406] tok/step | loss 0.919 +/- 0.335 | skipped 5
step 216100 | loss 0.5422 | ppl 1.7 | acc 0.849 | lr 8.28e-05 | grad_norm 2.53 | 533 tok/s | sup 17493 tok/step | ema_loss 1.1011 | ema_ppl 3.2 | ema_acc 0.759 | ema_grad 2.87
  skipped micro-step: loss 7.97 (per-token threshold 5.0)
  skipped micro-step: loss 8.27 (per-token threshold 5.0)
  window(n=10): sup 15894 +/- 2853 [12979..22167] tok/step | loss 0.667 +/- 0.229 | skipped 2
step 216110 | loss 0.4750 | ppl 1.6 | acc 0.889 | lr 8.28e-05 | grad_norm 0.86 | 454 tok/s | sup 13216 tok/step | ema_loss 1.0592 | ema_ppl 3.1 | ema_acc 0.768 | ema_grad 2.73
  window(n=10): sup 17918 +/- 3978 [12423..25293] tok/step | loss 0.701 +/- 0.245 | skipped 0
step 216120 | loss 0.5442 | ppl 1.7 | acc 0.846 | lr 8.28e-05 | grad_norm 1.51 | 658 tok/s | sup 19398 tok/step | ema_loss 1.0245 | ema_ppl 3.0 | ema_acc 0.772 | ema_grad 2.63
  skipped micro-step: loss 7.96 (per-token threshold 5.0)
  skipped micro-step: loss 6.45 (per-token threshold 5.0)
  skipped micro-step: loss 6.56 (per-token threshold 5.0)
saved checkpoint: ./checkpoints/step_big_fim_216125.pt (model only)
===== step 216125 | FIM checkpoint sample =====
-- context --
(none)
-- <fim_prefix> --
<lang>typescript</lang>import SuperTokens from 'supertokens-web-js'
import Session from 'supertokens-web-js/recipe/session'
import Passwordless from 'supertokens-web-js/recipe/passwordless'
import AppConfig from '@/config'

const SuperTokensSetup = () => {
  SuperTokens.init({
    appInfo: {
      apiDomain: AppConfig.hiveApiDomain,

-- <fim_suffix> --
<lang>typescript</lang> })
}

export default SuperTokensSetup

-- <fim_middle> | model output --
     authDomain: AppConfig.hiveApiDomain,
      apiSelfUrl: AppConfig.hiveApiSelfUrl,
      apiKey: AppConfig.hiveApiKey,

-- final code (prefix + generated + suffix) --
<lang>typescript</lang>import SuperTokens from 'supertokens-web-js'
import Session from 'supertokens-web-js/recipe/session'
import Passwordless from 'supertokens-web-js/recipe/passwordless'
import AppConfig from '@/config'

const SuperTokensSetup = () => {
  SuperTokens.init({
    appInfo: {
      apiDomain: AppConfig.hiveApiDomain,
     authDomain: AppConfig.hiveApiDomain,
      apiSelfUrl: AppConfig.hiveApiSelfUrl,
      apiKey: AppConfig.hiveApiKey,
<lang>typescript</lang> })
}

export default SuperTokensSetup

============================================================================

removed old checkpoint: step_big_fim_216000.pt
  eval @ step 216125: loss 1.2715 | ppl 3.6
  fim eval @ step 216125: loss 1.1781 | ppl 3.2
  fim gen eval @ step 216125: top1_tf 0.273 | prefix_acc 0.124 | exact@32 0.03 | first-line 0.19 | edit-sim 0.286
  window(n=10): sup 16459 +/- 3619 [12068..21580] tok/step | loss 0.677 +/- 0.356 | skipped 3
step 216130 | loss 1.7043 | ppl 5.5 | acc 0.702 | lr 8.28e-05 | grad_norm 3.70 | 406 tok/s | sup 21580 tok/step | ema_loss 0.9919 | ema_ppl 2.9 | ema_acc 0.779 | ema_grad 2.51
  window(n=10): sup 16495 +/- 4516 [12084..25885] tok/step | loss 0.956 +/- 0.200 | skipped 0
step 216140 | loss 1.2197 | ppl 3.4 | acc 0.758 | lr 8.28e-05 | grad_norm 1.48 | 804 tok/s | sup 12084 tok/step | ema_loss 0.9887 | ema_ppl 2.9 | ema_acc 0.780 | ema_grad 2.42
  skipped micro-step: loss 7.48 (per-token threshold 5.0)
  skipped micro-step: loss 6.98 (per-token threshold 5.0)
  window(n=10): sup 17334 +/- 3027 [12069..22390] tok/step | loss 0.478 +/- 0.130 | skipped 2
step 216150 | loss 0.3104 | ppl 1.4 | acc 0.917 | lr 8.28e-05 | grad_norm 0.75 | 629 tok/s | sup 19261 tok/step | ema_loss 0.9397 | ema_ppl 2.8 | ema_acc 0.789 | ema_grad 2.28
  skipped micro-step: loss 6.79 (per-token threshold 5.0)
  window(n=10): sup 19350 +/- 5127 [12177..29969] tok/step | loss 0.452 +/- 0.219 | skipped 1
step 216160 | loss 0.9469 | ppl 2.6 | acc 0.803 | lr 8.28e-05 | grad_norm 1.05 | 136 tok/s | sup 12177 tok/step | ema_loss 0.8933 | ema_ppl 2.7 | ema_acc 0.798 | ema_grad 2.16
  window(n=10): sup 17784 +/- 5952 [9123..28344] tok/step | loss 0.858 +/- 0.358 | skipped 0
step 216170 | loss 0.7681 | ppl 2.2 | acc 0.841 | lr 8.28e-05 | grad_norm 2.23 | 1153 tok/s | sup 17692 tok/step | ema_loss 0.8903 | ema_ppl 2.7 | ema_acc 0.800 | ema_grad 2.10
  window(n=10): sup 19281 +/- 6102 [12071..32365] tok/step | loss 0.854 +/- 0.164 | skipped 0
step 216180 | loss 0.6716 | ppl 2.0 | acc 0.836 | lr 8.28e-05 | grad_norm 2.81 | 1269 tok/s | sup 18358 tok/step | ema_loss 0.8864 | ema_ppl 2.6 | ema_acc 0.799 | ema_grad 2.12
  window(n=10): sup 15345 +/- 5883 [9050..25474] tok/step | loss 0.918 +/- 0.377 | skipped 0
step 216190 | loss 1.4304 | ppl 4.2 | acc 0.720 | lr 8.28e-05 | grad_norm 1.05 | 1303 tok/s | sup 9572 tok/step | ema_loss 0.8903 | ema_ppl 2.6 | ema_acc 0.798 | ema_grad 2.08
  skipped micro-step: loss 9.16 (per-token threshold 5.0)
  window(n=10): sup 14291 +/- 6621 [5835..27963] tok/step | loss 1.263 +/- 0.290 | skipped 1
step 216200 | loss 1.1195 | ppl 3.1 | acc 0.776 | lr 8.28e-05 | grad_norm 1.33 | 404 tok/s | sup 13517 tok/step | ema_loss 0.9257 | ema_ppl 2.7 | ema_acc 0.793 | ema_grad 2.04
  skipped micro-step: loss 8.20 (per-token threshold 5.0)
  window(n=10): sup 21137 +/- 5772 [12415..30676] tok/step | loss 1.094 +/- 0.165 | skipped 1
step 216210 | loss 1.1424 | ppl 3.1 | acc 0.773 | lr 8.28e-05 | grad_norm 1.44 | 435 tok/s | sup 12415 tok/step | ema_loss 0.9418 | ema_ppl 2.8 | ema_acc 0.792 | ema_grad 2.04
  skipped micro-step: loss 8.07 (per-token threshold 5.0)
  skipped micro-step: loss 8.77 (per-token threshold 5.0)
  window(n=10): sup 11649 +/- 5471 [6000..21640] tok/step | loss 1.224 +/- 0.148 | skipped 2
step 216220 | loss 1.2857 | ppl 3.6 | acc 0.752 | lr 8.28e-05 | grad_norm 3.20 | 1463 tok/s | sup 21161 tok/step | ema_loss 0.9688 | ema_ppl 2.8 | ema_acc 0.788 | ema_grad 2.00
  skipped micro-step: loss 8.74 (per-token threshold 5.0)
  skipped micro-step: loss 8.11 (per-token threshold 5.0)
  skipped micro-step: loss 9.75 (per-token threshold 5.0)
  window(n=10): sup 22282 +/- 4211 [17326..29619] tok/step | loss 0.681 +/- 0.347 | skipped 3
step 216230 | loss 0.4068 | ppl 1.5 | acc 0.906 | lr 8.28e-05 | grad_norm 1.09 | 1224 tok/s | sup 19107 tok/step | ema_loss 0.9410 | ema_ppl 2.8 | ema_acc 0.795 | ema_grad 2.01
  skipped micro-step: loss 8.88 (per-token threshold 5.0)
  skipped micro-step: loss 9.20 (per-token threshold 5.0)
  window(n=10): sup 21322 +/- 6851 [7537..30011] tok/step | loss 0.530 +/- 0.412 | skipped 2
step 216240 | loss 1.4092 | ppl 4.1 | acc 0.715 | lr 8.28e-05 | grad_norm 1.16 | 1359 tok/s | sup 10101 tok/step | ema_loss 0.9024 | ema_ppl 2.7 | ema_acc 0.804 | ema_grad 1.92
  window(n=10): sup 17637 +/- 9141 [8882..37085] tok/step | loss 1.047 +/- 0.222 | skipped 0
step 216250 | loss 0.5262 | ppl 1.7 | acc 0.871 | lr 8.28e-05 | grad_norm 1.08 | 955 tok/s | sup 14354 tok/step | ema_loss 0.9158 | ema_ppl 2.7 | ema_acc 0.799 | ema_grad 2.10
saved checkpoint: ./checkpoints/step_big_fim_216250.pt (model only)
===== step 216250 | FIM checkpoint sample =====
-- context --
(none)
-- <fim_prefix> --
<lang>tsx</lang>/* eslint-disable @typescript-eslint/no-explicit-any */
import { themed } from '@tamagui/helpers-icon'
import type { IconProps } from '@tamagui/helpers-icon'
import * as React from 'react'
import { Svg, G, Path } from 'react-native-svg'
import type { SvgProps } from 'react-native-svg'
import { memo } from 'react'
const IconLockPlus = (_props: any) => {
  const { size = 24, ...props } = _props
  return (
    <Svg width={size} height={size} viewBox="0 0 24 24" {...props}>
      <G
        fill="none"

-- <fim_suffix> --
<lang>tsx</lang>0 1-2-2v-6a2 2 0 0 1 2-2h10a2 2 0 0 1 1.74 1.012" />
        <Path d="M11 16a1 1 0 1 0 2 0 1 1 0 0 0-2 0m-3-5V7a4 4 0 1 1 8 0v4m0 8h6
m-3-3v6" />
      </G>
    </Svg>
  )
}
const Memo = memo(themed(IconLockPlus))
export { Memo as IconLockPlus }

-- <fim_middle> | model output --
       stroke="currentColor"
        strokeLinecap="round"
        strokeLinejoin="round"
        strokeWidth={2}
        className="w-full h-64 object-cover" />
      <G
        fill="none"
        stroke="currentColor"
        strokeLinecap="round"
        strokeLinejoin="round"
        strokeWidth={2}
        className="w-64 object-cover" />
      <G
        fill="none"
        stroke="currentColor"
        strokeLinecap="round"
        strokeLinejoin
-- final code (prefix + generated + suffix) --
<lang>tsx</lang>/* eslint-disable @typescript-eslint/no-explicit-any */
import { themed } from '@tamagui/helpers-icon'
import type { IconProps } from '@tamagui/helpers-icon'
import * as React from 'react'
import { Svg, G, Path } from 'react-native-svg'
import type { SvgProps } from 'react-native-svg'
import { memo } from 'react'
const IconLockPlus = (_props: any) => {
  const { size = 24, ...props } = _props
  return (
    <Svg width={size} height={size} viewBox="0 0 24 24" {...props}>
      <G
        fill="none"
       stroke="currentColor"
        strokeLinecap="round"
        strokeLinejoin="round"
        strokeWidth={2}
        className="w-full h-64 object-cover" />
      <G
        fill="none"
        stroke="currentColor"
        strokeLinecap="round"
        strokeLinejoin="round"
        strokeWidth={2}
        className="w-64 object-cover" />
      <G
        fill="none"
        stroke="currentColor"
        strokeLinecap="round"
        strokeLinejoin<lang>tsx</lang>0 1-2-2v-6a2 2 0 0 1 2-2h10a2 2 0 0 1 1.74
 1.012" />
        <Path d="M11 16a1 1 0 1 0 2 0 1 1 0 0 0-2 0m-3-5V7a4 4 0 1 1 8 0v4m0 8h6
m-3-3v6" />
      </G>
    </Svg>
  )
}
const Memo = memo(themed(IconLockPlus))
export { Memo as IconLockPlus }

============================================================================

removed old checkpoint: step_big_fim_216125.pt
  eval @ step 216250: loss 1.2715 | ppl 3.6
  fim eval @ step 216250: loss 1.1780 | ppl 3.2
  fim gen eval @ step 216250: top1_tf 0.273 | prefix_acc 0.152 | exact@32 0.06 | first-line 0.22 | edit-sim 0.300
  skipped micro-step: loss 8.12 (per-token threshold 5.0)
  window(n=10): sup 20437 +/- 3828 [17305..30866] tok/step | loss 0.808 +/- 0.118 | skipped 1
step 216260 | loss 0.8561 | ppl 2.4 | acc 0.579 | lr 8.28e-05 | grad_norm 7.78 | 1506 tok/s | sup 22643 tok/step | ema_loss 0.9057 | ema_ppl 2.7 | ema_acc 0.785 | ema_grad 2.67
  skipped micro-step: loss 8.62 (per-token threshold 5.0)
  skipped micro-step: loss 7.83 (per-token threshold 5.0)
  skipped micro-step: loss 9.00 (per-token threshold 5.0)
  skipped micro-step: loss 8.43 (per-token threshold 5.0)
  skipped micro-step: loss 8.29 (per-token threshold 5.0)
  window(n=10): sup 11268 +/- 5164 [5781..19052] tok/step | loss 1.106 +/- 0.183 | skipped 5
step 216270 | loss 1.1142 | ppl 3.0 | acc 0.787 | lr 8.28e-05 | grad_norm 4.28 | 238 tok/s | sup 18977 tok/step | ema_loss 0.9252 | ema_ppl 2.7 | ema_acc 0.779 | ema_grad 2.73
  skipped micro-step: loss 9.08 (per-token threshold 5.0)
  skipped micro-step: loss 8.73 (per-token threshold 5.0)
  window(n=10): sup 15577 +/- 2002 [12353..20350] tok/step | loss 1.024 +/- 0.298 | skipped 2
step 216280 | loss 1.6934 | ppl 5.4 | acc 0.678 | lr 8.28e-05 | grad_norm 1.74 | 519 tok/s | sup 15256 tok/step | ema_loss 0.9351 | ema_ppl 2.7 | ema_acc 0.781 | ema_grad 2.62
  skipped micro-step: loss 8.25 (per-token threshold 5.0)
  window(n=10): sup 16008 +/- 4737 [12374..28208] tok/step | loss 1.302 +/- 0.139 | skipped 1
step 216290 | loss 1.3899 | ppl 4.0 | acc 0.719 | lr 8.28e-05 | grad_norm 1.73 | 1238 tok/s | sup 17147 tok/step | ema_loss 0.9704 | ema_ppl 2.8 | ema_acc 0.776 | ema_grad 2.53
  skipped micro-step: loss 7.81 (per-token threshold 5.0)
  skipped micro-step: loss 9.05 (per-token threshold 5.0)
  skipped micro-step: loss 8.45 (per-token threshold 5.0)
  window(n=10): sup 14753 +/- 6924 [5171..25018] tok/step | loss 1.229 +/- 0.220 | skipped 3
step 216300 | loss 1.5193 | ppl 4.6 | acc 0.701 | lr 8.28e-05 | grad_norm 2.70 | 506 tok/s | sup 22113 tok/step | ema_loss 0.9952 | ema_ppl 2.9 | ema_acc 0.774 | ema_grad 2.44
  skipped micro-step: loss 8.32 (per-token threshold 5.0)
  window(n=10): sup 19120 +/- 2866 [14628..22786] tok/step | loss 1.102 +/- 0.663 | skipped 1
step 216310 | loss 0.9762 | ppl 2.7 | acc 0.792 | lr 8.28e-05 | grad_norm 1.61 | 339 tok/s | sup 15116 tok/step | ema_loss 1.0055 | ema_ppl 3.0 | ema_acc 0.775 | ema_grad 2.42
  window(n=10): sup 15790 +/- 4237 [9102..23835] tok/step | loss 0.660 +/- 0.465 | skipped 0
step 216320 | loss 1.2112 | ppl 3.4 | acc 0.745 | lr 8.28e-05 | grad_norm 1.02 | 1401 tok/s | sup 9102 tok/step | ema_loss 0.9723 | ema_ppl 2.9 | ema_acc 0.783 | ema_grad 2.31
  skipped micro-step: loss 8.72 (per-token threshold 5.0)
  skipped micro-step: loss 7.73 (per-token threshold 5.0)
  window(n=10): sup 14194 +/- 5171 [6512..23501] tok/step | loss 1.210 +/- 0.227 | skipped 2
step 216330 | loss 0.7236 | ppl 2.1 | acc 0.852 | lr 8.28e-05 | grad_norm 1.16 | 409 tok/s | sup 19763 tok/step | ema_loss 0.9947 | ema_ppl 2.9 | ema_acc 0.780 | ema_grad 2.23
  window(n=10): sup 15599 +/- 4315 [12008..26317] tok/step | loss 0.763 +/- 0.226 | skipped 0
step 216340 | loss 0.5983 | ppl 1.8 | acc 0.849 | lr 8.28e-05 | grad_norm 1.07 | 214 tok/s | sup 12483 tok/step | ema_loss 0.9726 | ema_ppl 2.9 | ema_acc 0.784 | ema_grad 2.14
  window(n=10): sup 15446 +/- 3090 [12013..20855] tok/step | loss 0.480 +/- 0.097 | skipped 0
step 216350 | loss 0.6911 | ppl 2.0 | acc 0.835 | lr 8.28e-05 | grad_norm 1.23 | 219 tok/s | sup 13361 tok/step | ema_loss 0.9255 | ema_ppl 2.8 | ema_acc 0.794 | ema_grad 2.02
  window(n=10): sup 17526 +/- 5185 [12220..25721] tok/step | loss 0.961 +/- 0.355 | skipped 0
step 216360 | loss 1.3241 | ppl 3.8 | acc 0.705 | lr 8.28e-05 | grad_norm 4.34 | 589 tok/s | sup 17448 tok/step | ema_loss 0.9288 | ema_ppl 2.8 | ema_acc 0.793 | ema_grad 2.09
  window(n=10): sup 15224 +/- 3315 [12440..21138] tok/step | loss 0.808 +/- 0.271 | skipped 0
step 216370 | loss 0.6097 | ppl 1.8 | acc 0.861 | lr 8.28e-05 | grad_norm 0.93 | 296 tok/s | sup 12861 tok/step | ema_loss 0.9170 | ema_ppl 2.7 | ema_acc 0.795 | ema_grad 2.06
  skipped micro-step: loss 8.26 (per-token threshold 5.0)
saved checkpoint: ./checkpoints/step_big_fim_216375.pt (model only)
===== step 216375 | FIM checkpoint sample =====
-- context --
(none)
-- <fim_prefix> --
@ECHO OFF
DEL RESULT.TXT 2>NUL
DEL RESULT2.TXT 2>NUL
CD addsub
CALL RUNTEST.BAT
CD ..
CD array
CALL RUNTEST.BAT
CD ..
CD cmp
CALL RUNTEST.BAT
CD ..
CD data
CALL RUNTEST.BAT
CD ..
CD dataOff
CALL RUNTEST.BAT
CD ..
CD datadup
CALL RUNTEST.BAT
CD ..
CD file
CALL RUNTEST.BAT
CD ..
CD hello
CALL RUNTEST.BAT
CD ..
CD inc
CALL RUNTEST.BAT
CD ..
CD include
CALL RUNTEST.BAT
CD ..
CD jxx
CALL RUNTEST.BAT
CD ..
CD lodsb
CALL RUNTEST.BAT
CD ..
CD loop
CALL RUNTEST.BAT
CD ..
CD macro
CALL RUNTEST.BAT
CD ..
CD mem

-- <fim_suffix> --
CALL RUNTEST.BAT
CD ..
CD test
CALL RUNTEST.BAT
CD ..
CD vbl
CALL RUNTEST.BAT
CD ..
CD xor
CALL RUNTEST.BAT
CD ..
TYPE RESULT.TXT
TYPE RESULT2.TXT
DEL RESULT.TXT 2>NUL
DEL RESULT2.TXT 2>NUL

-- <fim_middle> | model output --
CD never
CALL RUNTEST.BAT
CD ..
CD url
CALL RUNTEST.BAT
CD ..
CD lib
CALL INSERTAUENT.BUILD
CALL INSERTAUENT.BUILD
CD lib
CALL INSERTAUENT.BUILD
CD lib
CALL INSERTAUENT.BUILD
CD lib
CALL INSERTAU        .

cd lib
CALL NEW_BUILD.BUILD

-- final code (prefix + generated + suffix) --
@ECHO OFF
DEL RESULT.TXT 2>NUL
DEL RESULT2.TXT 2>NUL
CD addsub
CALL RUNTEST.BAT
CD ..
CD array
CALL RUNTEST.BAT
CD ..
CD cmp
CALL RUNTEST.BAT
CD ..
CD data
CALL RUNTEST.BAT
CD ..
CD dataOff
CALL RUNTEST.BAT
CD ..
CD datadup
CALL RUNTEST.BAT
CD ..
CD file
CALL RUNTEST.BAT
CD ..
CD hello
CALL RUNTEST.BAT
CD ..
CD inc
CALL RUNTEST.BAT
CD ..
CD include
CALL RUNTEST.BAT
CD ..
CD jxx
CALL RUNTEST.BAT
CD ..
CD lodsb
CALL RUNTEST.BAT
CD ..
CD loop
CALL RUNTEST.BAT
CD ..
CD macro
CALL RUNTEST.BAT
CD ..
CD mem
CD never
CALL RUNTEST.BAT
CD ..
CD url
CALL RUNTEST.BAT
CD ..
CD lib
CALL INSERTAUENT.BUILD
CALL INSERTAUENT.BUILD
CD lib
CALL INSERTAUENT.BUILD
CD lib
CALL INSERTAUENT.BUILD
CD lib
CALL INSERTAU        .

cd lib
CALL NEW_BUILD.BUILD
CALL RUNTEST.BAT
CD ..
CD test
CALL RUNTEST.BAT
CD ..
CD vbl
CALL RUNTEST.BAT
CD ..
CD xor
CALL RUNTEST.BAT
CD ..
TYPE RESULT.TXT
TYPE RESULT2.TXT
DEL RESULT.TXT 2>NUL
DEL RESULT2.TXT 2>NUL

============================================================================

removed old checkpoint: step_big_fim_216250.pt
  eval @ step 216375: loss 1.2714 | ppl 3.6
  fim eval @ step 216375: loss 1.1779 | ppl 3.2
  fim gen eval @ step 216375: top1_tf 0.273 | prefix_acc 0.153 | exact@32 0.06 | first-line 0.22 | edit-sim 0.297
  skipped micro-step: loss 7.36 (per-token threshold 5.0)
  window(n=10): sup 13150 +/- 3824 [6777..19756] tok/step | loss 0.763 +/- 0.410 | skipped 2
step 216380 | loss 1.1341 | ppl 3.1 | acc 0.757 | lr 8.28e-05 | grad_norm 1.05 | 1461 tok/s | sup 10850 tok/step | ema_loss 0.9031 | ema_ppl 2.7 | ema_acc 0.798 | ema_grad 1.95
  skipped micro-step: loss 8.15 (per-token threshold 5.0)
  window(n=10): sup 18507 +/- 2803 [13685..23027] tok/step | loss 0.785 +/- 0.319 | skipped 1
step 216390 | loss 0.7327 | ppl 2.1 | acc 0.880 | lr 8.28e-05 | grad_norm 1.36 | 1136 tok/s | sup 17075 tok/step | ema_loss 0.8914 | ema_ppl 2.6 | ema_acc 0.803 | ema_grad 1.90
  skipped micro-step: loss 7.74 (per-token threshold 5.0)
  window(n=10): sup 14069 +/- 6496 [7847..31070] tok/step | loss 0.972 +/- 0.347 | skipped 1
step 216400 | loss 1.0262 | ppl 2.8 | acc 0.774 | lr 8.28e-05 | grad_norm 0.87 | 1122 tok/s | sup 8600 tok/step | ema_loss 0.8997 | ema_ppl 2.7 | ema_acc 0.802 | ema_grad 1.85
  skipped micro-step: loss 8.29 (per-token threshold 5.0)
  window(n=10): sup 16344 +/- 6156 [7276..29337] tok/step | loss 1.097 +/- 0.148 | skipped 1
step 216410 | loss 0.9523 | ppl 2.6 | acc 0.799 | lr 8.28e-05 | grad_norm 1.59 | 603 tok/s | sup 18075 tok/step | ema_loss 0.9183 | ema_ppl 2.7 | ema_acc 0.798 | ema_grad 1.84
  skipped micro-step: loss 8.45 (per-token threshold 5.0)
  skipped micro-step: loss 8.38 (per-token threshold 5.0)
  window(n=10): sup 17786 +/- 7353 [8979..30799] tok/step | loss 1.127 +/- 0.247 | skipped 2
step 216420 | loss 1.4060 | ppl 4.1 | acc 0.714 | lr 8.28e-05 | grad_norm 0.98 | 1214 tok/s | sup 8979 tok/step | ema_loss 0.9382 | ema_ppl 2.7 | ema_acc 0.795 | ema_grad 1.84
  skipped micro-step: loss 8.36 (per-token threshold 5.0)
  window(n=10): sup 12586 +/- 4881 [5659..21009] tok/step | loss 1.228 +/- 0.246 | skipped 1
step 216430 | loss 1.5834 | ppl 4.9 | acc 0.645 | lr 8.28e-05 | grad_norm 5.22 | 1215 tok/s | sup 17895 tok/step | ema_loss 0.9661 | ema_ppl 2.8 | ema_acc 0.790 | ema_grad 1.83
  window(n=10): sup 16442 +/- 5283 [12279..27992] tok/step | loss 1.518 +/- 0.451 | skipped 0
step 216440 | loss 1.3321 | ppl 3.8 | acc 0.721 | lr 8.28e-05 | grad_norm 1.52 | 816 tok/s | sup 12279 tok/step | ema_loss 1.0192 | ema_ppl 3.0 | ema_acc 0.781 | ema_grad 2.00
  window(n=10): sup 16002 +/- 8800 [5856..30723] tok/step | loss 1.302 +/- 0.116 | skipped 0
step 216450 | loss 1.3952 | ppl 4.0 | acc 0.708 | lr 8.28e-05 | grad_norm 0.88 | 1036 tok/s | sup 6419 tok/step | ema_loss 1.0463 | ema_ppl 3.1 | ema_acc 0.777 | ema_grad 2.01
  window(n=10): sup 16838 +/- 7440 [9323..37462] tok/step | loss 1.070 +/- 0.413 | skipped 0
step 216460 | loss 0.6382 | ppl 1.9 | acc 0.875 | lr 8.28e-05 | grad_norm 1.25 | 448 tok/s | sup 19580 tok/step | ema_loss 1.0478 | ema_ppl 3.1 | ema_acc 0.777 | ema_grad 2.00
  skipped micro-step: loss 7.67 (per-token threshold 5.0)
  window(n=10): sup 11792 +/- 6576 [6409..29067] tok/step | loss 1.160 +/- 0.247 | skipped 1
step 216470 | loss 0.9810 | ppl 2.7 | acc 0.773 | lr 8.28e-05 | grad_norm 0.86 | 1235 tok/s | sup 9162 tok/step | ema_loss 1.0588 | ema_ppl 3.1 | ema_acc 0.775 | ema_grad 1.92
  skipped micro-step: loss 8.17 (per-token threshold 5.0)
  window(n=10): sup 18528 +/- 6702 [6797..32880] tok/step | loss 1.095 +/- 0.382 | skipped 1
step 216480 | loss 1.6761 | ppl 5.3 | acc 0.544 | lr 8.28e-05 | grad_norm 4.41 | 719 tok/s | sup 20919 tok/step | ema_loss 1.0625 | ema_ppl 3.1 | ema_acc 0.772 | ema_grad 1.93
  window(n=10): sup 17099 +/- 4289 [12109..25793] tok/step | loss 1.090 +/- 0.175 | skipped 0
step 216490 | loss 1.1644 | ppl 3.2 | acc 0.706 | lr 8.28e-05 | grad_norm 1.38 | 805 tok/s | sup 12109 tok/step | ema_loss 1.0652 | ema_ppl 3.1 | ema_acc 0.767 | ema_grad 1.91
  window(n=10): sup 14997 +/- 2475 [12548..19704] tok/step | loss 0.749 +/- 0.164 | skipped 0
step 216500 | loss 0.7737 | ppl 2.2 | acc 0.824 | lr 8.28e-05 | grad_norm 1.16 | 280 tok/s | sup 16990 tok/step | ema_loss 1.0348 | ema_ppl 3.0 | ema_acc 0.771 | ema_grad 1.85
saved checkpoint: ./checkpoints/step_big_fim_216500.pt
===== step 216500 | FIM checkpoint sample =====
-- context --
(none)
-- <fim_prefix> --
<lang>c#</lang>﻿using System.Collections;
using System.Collections.Generic;
using UnityEngine;

public class AreaNormalAttack : SkillEffect
{
    private void Awake()
    {
        Assign();
        effectType = SKILL_EFFECT_TYPE.OFFENSIVE;
        numOfTarget = 0;
        float calDmg = user.GetComponent<PlayerStats>().strength * 0.9f;

-- <fim_suffix> --
<lang>c#</lang>   void Start()
    {

    }

    // Update is called once per frame
    void Update()
    {

    }

    public override void Execute(GameObject targetedEnemy)
    {
        float multiplier;
        if (Random.Range(1, 100) <= user.GetComponent<PlayerStats>().criticalCha
nce)
        {
            multiplier = 1.5f;
        }
        else
        {
            multiplier = 1;
        }
        for(int i=0;i<enemyList.Count;i++)
        {
            enemyList[i].GetComponent<EnemyStats>().health -= (int)((damage - en
emyList[i].GetComponent<EnemyStats>().defense * 0.8f)*multiplie [...]
-- <fim_middle> | model output --
       if (targetedEnemy instanceof Enemy)
        {
            targetedEnemy = Enemy.GetComponent<PlayerStats>();
        }
    }


-- final code (prefix + generated + suffix) --
<lang>c#</lang>﻿using System.Collections;
using System.Collections.Generic;
using UnityEngine;

public class AreaNormalAttack : SkillEffect
{
    private void Awake()
    {
        Assign();
        effectType = SKILL_EFFECT_TYPE.OFFENSIVE;
        numOfTarget = 0;
        float calDmg = user.GetComponent<PlayerStats>().strength * 0.9f;
       if (targetedEnemy instanceof Enemy)
        {
            targetedEnemy = Enemy.GetComponent<PlayerStats>();
        }
    }

<lang>c#</lang>   void Start()
    {

    }

    // Update is called once per frame
    void Update()
    {

    }

    public override void Execute(GameObject targetedEnemy)
    {
        float multiplier;
        if (Random.Range(1, 100) <= user.GetComponent<PlayerStats>().criticalCha
nce)
        {
            multiplier = 1.5f;
        }
        else
        {
            multiplier = 1;
        }
        for(int i=0;i<enemyList.Count;i++)
        {
            enemyList[i].GetComponent<EnemyStats>().health -= (int)((damage - en
emyList[i].GetComponent<EnemyStats>().defense * 0.8f)*multiplier);
        }
        Debug.Log("AreaNormalAttack");
    }
}


============================================================================

removed old checkpoint: step_big_fim_216375.pt
  eval @ step 216500: loss 1.2713 | ppl 3.6
  fim eval @ step 216500: loss 1.1773 | ppl 3.2
  fim gen eval @ step 216500: top1_tf 0.273 | prefix_acc 0.123 | exact@32 0.03 | first-line 0.22 | edit-sim 0.269
  skipped micro-step: loss 7.33 (per-token threshold 5.0)
  window(n=10): sup 16611 +/- 3520 [11590..22456] tok/step | loss 0.958 +/- 0.319 | skipped 1
step 216510 | loss 0.8474 | ppl 2.3 | acc 0.803 | lr 8.28e-05 | grad_norm 1.38 | 1104 tok/s | sup 16938 tok/step | ema_loss 1.0279 | ema_ppl 3.0 | ema_acc 0.774 | ema_grad 1.82
  window(n=10): sup 20330 +/- 5503 [12491..28769] tok/step | loss 0.915 +/- 0.263 | skipped 0
step 216520 | loss 1.2880 | ppl 3.6 | acc 0.760 | lr 8.28e-05 | grad_norm 1.60 | 509 tok/s | sup 15696 tok/step | ema_loss 1.0172 | ema_ppl 3.0 | ema_acc 0.777 | ema_grad 1.80
  skipped micro-step: loss 7.51 (per-token threshold 5.0)
  skipped micro-step: loss 7.01 (per-token threshold 5.0)
  window(n=10): sup 20567 +/- 4596 [12336..27967] tok/step | loss 0.593 +/- 0.125 | skipped 2
step 216530 | loss 0.5166 | ppl 1.7 | acc 0.853 | lr 8.28e-05 | grad_norm 1.13 | 903 tok/s | sup 26879 tok/step | ema_loss 0.9764 | ema_ppl 2.9 | ema_acc 0.783 | ema_grad 1.75
  window(n=10): sup 18779 +/- 6870 [12843..36663] tok/step | loss 0.665 +/- 0.266 | skipped 0
step 216540 | loss 0.6839 | ppl 2.0 | acc 0.834 | lr 8.28e-05 | grad_norm 0.97 | 204 tok/s | sup 15158 tok/step | ema_loss 0.9470 | ema_ppl 2.8 | ema_acc 0.787 | ema_grad 1.70
  window(n=10): sup 18660 +/- 5490 [12730..31282] tok/step | loss 0.982 +/- 0.263 | skipped 0
step 216550 | loss 1.0478 | ppl 2.9 | acc 0.772 | lr 8.28e-05 | grad_norm 1.31 | 438 tok/s | sup 13354 tok/step | ema_loss 0.9507 | ema_ppl 2.8 | ema_acc 0.788 | ema_grad 1.74
  skipped micro-step: loss 8.21 (per-token threshold 5.0)
  skipped micro-step: loss 8.89 (per-token threshold 5.0)
  window(n=10): sup 11583 +/- 4276 [4777..21534] tok/step | loss 1.035 +/- 0.267 | skipped 2
step 216560 | loss 1.3463 | ppl 3.8 | acc 0.727 | lr 8.28e-05 | grad_norm 1.14 | 1664 tok/s | sup 11760 tok/step | ema_loss 0.9592 | ema_ppl 2.8 | ema_acc 0.787 | ema_grad 1.68
  window(n=10): sup 17893 +/- 3963 [13035..25169] tok/step | loss 1.238 +/- 0.218 | skipped 0
step 216570 | loss 1.1160 | ppl 3.1 | acc 0.781 | lr 8.28e-05 | grad_norm 2.17 | 526 tok/s | sup 15750 tok/step | ema_loss 0.9858 | ema_ppl 2.9 | ema_acc 0.783 | ema_grad 1.72
  skipped micro-step: loss 8.09 (per-token threshold 5.0)
  skipped micro-step: loss 7.48 (per-token threshold 5.0)
  skipped micro-step: loss 9.05 (per-token threshold 5.0)
  skipped micro-step: loss 7.48 (per-token threshold 5.0)
  window(n=10): sup 11152 +/- 5717 [5145..21849] tok/step | loss 1.317 +/- 0.242 | skipped 4
step 216580 | loss 1.2437 | ppl 3.5 | acc 0.749 | lr 8.27e-05 | grad_norm 2.02 | 959 tok/s | sup 21251 tok/step | ema_loss 1.0177 | ema_ppl 3.0 | ema_acc 0.778 | ema_grad 1.68
  skipped micro-step: loss 8.86 (per-token threshold 5.0)
  skipped micro-step: loss 8.49 (per-token threshold 5.0)
  window(n=10): sup 14154 +/- 5115 [6379..22587] tok/step | loss 1.202 +/- 0.430 | skipped 2
step 216590 | loss 1.1909 | ppl 3.3 | acc 0.740 | lr 8.27e-05 | grad_norm 0.84 | 801 tok/s | sup 6379 tok/step | ema_loss 1.0355 | ema_ppl 3.0 | ema_acc 0.776 | ema_grad 1.66
  skipped micro-step: loss 8.48 (per-token threshold 5.0)
  skipped micro-step: loss 9.00 (per-token threshold 5.0)
  window(n=10): sup 16478 +/- 8393 [5124..30724] tok/step | loss 1.212 +/- 0.500 | skipped 2
step 216600 | loss 0.5733 | ppl 1.8 | acc 0.883 | lr 8.27e-05 | grad_norm 1.09 | 1047 tok/s | sup 15710 tok/step | ema_loss 1.0517 | ema_ppl 3.1 | ema_acc 0.775 | ema_grad 1.67
  skipped micro-step: loss 7.83 (per-token threshold 5.0)
  window(n=10): sup 16974 +/- 6011 [9385..28641] tok/step | loss 0.965 +/- 0.486 | skipped 1
step 216610 | loss 1.3601 | ppl 3.9 | acc 0.716 | lr 8.27e-05 | grad_norm 1.12 | 1176 tok/s | sup 9385 tok/step | ema_loss 1.0437 | ema_ppl 3.1 | ema_acc 0.778 | ema_grad 1.73
  skipped micro-step: loss 7.66 (per-token threshold 5.0)
  window(n=10): sup 16929 +/- 8147 [6931..29356] tok/step | loss 1.056 +/- 0.176 | skipped 1
step 216620 | loss 0.7863 | ppl 2.2 | acc 0.839 | lr 8.27e-05 | grad_norm 1.55 | 1286 tok/s | sup 19700 tok/step | ema_loss 1.0448 | ema_ppl 3.1 | ema_acc 0.778 | ema_grad 1.71
  skipped micro-step: loss 8.60 (per-token threshold 5.0)
saved checkpoint: ./checkpoints/step_big_fim_216625.pt (model only)
===== step 216625 | FIM checkpoint sample =====
-- context --
(none)
-- <fim_prefix> --
[...] name;
    private final ArrayList<Card> hand = new ArrayList<>();

    public Player(String name) {
        this.name = name;
    }

    public void takeCard(Card card) {
        hand.add(card);
    }

    public void showHand() {
        System.out.println(name + "'s hand:");
        for (Card card : hand) {
            System.out.println(card.getCardName());
        }
    }

    public int getHandScore() {
        int score = 0;
        int aceCount = 0;

        for (Card card : hand) {
            score += card.getCardValue();
            if (card.getCardValue() ==
-- <fim_suffix> --
<lang>java</lang>       System.out.println(dealer.getHand().get(0).getCardName()
);
    }

    public void getWinner() {
        int playerScore = player.getHandScore();
        int dealerScore = dealer.getHandScore();

        System.out.println("\nFinal Scores:");
        System.out.println(player.getName() + ": " + playerScore);
        System.out.println("Dealer: " + dealerScore);

        if (playerScore > 21) {
            System.out.println("Player busts! Dealer wins.");
        } else if (dealerScore > 21) {
            System.out.println("Dealer busts! Player wins.");
   [...]
-- <fim_middle> | model output --
1) {
                score += card.getCardValue();
            }
        }

        return score;
    }

    public void draw(Random row) {
        if (isTaken) {
            System.out.println(name + "'s hand:");
            for (Card card : hand) {
                System.out.println(card.getCardName());
            }
        }
        System.out.println(name + "'s hand:");
        for (Card card : hand) {
            System.out.println
-- final code (prefix + generated + suffix) --
[...]
para saber cuál carta es la siguiente en ser tomada

    public Deck() {
        int index = 0;
        for (Suite suite : Suite.values()) {
            for (Figure figure : Figure.values()) {
                cards[index] = new Card(suite, figure);
                index++;
            }
        }
        shuffle();
    }

    public void shuffle() {
        Random random = new Random();
        for (int i = 0; i < cards.length; i++) {
            int randomIndex = random.nextInt(cards.length);
            Card temp = cards[i];
            cards[i] = cards[randomIndex];
            cards[randomIndex] = temp;
        }
    }

    public Card drawCard() {
        if (currentCardIndex < cards.length) {
            return cards[currentCardIndex++];
        }
        return null; // No hay más cartas en la baraja
    }
}

class Player {
    private final String name;
    private final ArrayList<Card> hand = new ArrayList<>();

    public Player(String name) {
        this.name = name;
    }

    public void takeCard(Card card) {
        hand.add(card);
    }

    public void showHand() {
        System.out.println(name + "'s hand:");
        for (Card card : hand) {
            System.out.println(card.getCardName());
        }
    }

    public int getHandScore() {
        int score = 0;
        int aceCount = 0;

        for (Card card : hand) {
            score += card.getCardValue();
            if (card.getCardValue() == 1) {
                score += card.getCardValue();
            }
        }

        return score;
    }

    public void draw(Random row) {
        if (isTaken) {
            System.out.println(name + "'s hand:");
            for (Card card : hand) {
                System.out.println(card.getCardName());
            }
        }
        System.out.println(name + "'s hand:");
        for (Card card : hand) {
            System.out.println<lang>java</lang>       System.out.println(dealer.
getHand().get(0).getCardName());
    }

    public void getWinner() {
        int playerScore = player.getHandScore();
        int dealerScore = dealer.getHandScore();

        System.out.println("\nFinal Scores:");
        System.out.println(player.getName() + ": " + playerScore);
        System.out.println("Dealer: " + dealerScore);

        if (playerScore > 21) {
            System.out.println("Player busts! Dealer wins.");
        } else if (dealerScore > 21) {
            System.out.println("Dealer busts! Player wins.");
        } else if (playerScore > dealerScore) {
            System.out.println("Player wins with " + playerScore + " points!");
        } else if (dealerScore > playerScore) {
            System.out.println("Dealer wins with " + dealerScore + " points!");
        } else {
            System.out.println("It's a tie!");
        }
    }
}

public class Main {
    public static void main(String[] args) {
        Blackjack game = new Blackjack("Player");
        game.startGame();

        game.getWinner();
    }
}
============================================================================

removed old checkpoint: step_big_fim_216500.pt
  eval @ step 216625: loss 1.2711 | ppl 3.6
  fim eval @ step 216625: loss 1.1774 | ppl 3.2
  fim gen eval @ step 216625: top1_tf 0.273 | prefix_acc 0.153 | exact@32 0.06 | first-line 0.22 | edit-sim 0.304
  window(n=10): sup 12910 +/- 5008 [7896..25854] tok/step | loss 1.118 +/- 0.162 | skipped 1
step 216630 | loss 1.4328 | ppl 4.2 | acc 0.709 | lr 8.27e-05 | grad_norm 1.00 | 1192 tok/s | sup 8570 tok/step | ema_loss 1.0521 | ema_ppl 3.1 | ema_acc 0.777 | ema_grad 1.66
  skipped micro-step: loss 8.54 (per-token threshold 5.0)
  skipped micro-step: loss 9.34 (per-token threshold 5.0)
  window(n=10): sup 15721 +/- 5847 [5707..23285] tok/step | loss 1.050 +/- 0.210 | skipped 2
step 216640 | loss 1.0713 | ppl 2.9 | acc 0.818 | lr 8.27e-05 | grad_norm 1.56 | 1050 tok/s | sup 15500 tok/step | ema_loss 1.0518 | ema_ppl 3.1 | ema_acc 0.778 | ema_grad 1.70
  window(n=10): sup 19835 +/- 4905 [13090..31750] tok/step | loss 0.707 +/- 0.171 | skipped 0
step 216650 | loss 0.4057 | ppl 1.5 | acc 0.929 | lr 8.27e-05 | grad_norm 1.20 | 1143 tok/s | sup 17842 tok/step | ema_loss 1.0186 | ema_ppl 3.0 | ema_acc 0.788 | ema_grad 1.73
  window(n=10): sup 22382 +/- 3434 [17612..25586] tok/step | loss 0.505 +/- 0.128 | skipped 0
step 216660 | loss 0.3614 | ppl 1.4 | acc 0.925 | lr 8.27e-05 | grad_norm 3.53 | 1701 tok/s | sup 25586 tok/step | ema_loss 0.9694 | ema_ppl 2.8 | ema_acc 0.798 | ema_grad 1.79
  skipped micro-step: loss 9.49 (per-token threshold 5.0)
  window(n=10): sup 19684 +/- 2669 [17447..24984] tok/step | loss 0.302 +/- 0.053 | skipped 1
step 216670 | loss 0.3865 | ppl 1.5 | acc 0.921 | lr 8.27e-05 | grad_norm 0.84 | 648 tok/s | sup 19175 tok/step | ema_loss 0.9056 | ema_ppl 2.7 | ema_acc 0.811 | ema_grad 1.77
  skipped micro-step: loss 8.88 (per-token threshold 5.0)
  skipped micro-step: loss 8.12 (per-token threshold 5.0)
  window(n=10): sup 14270 +/- 3817 [9015..20069] tok/step | loss 1.250 +/- 0.408 | skipped 2
step 216680 | loss 1.1678 | ppl 3.2 | acc 0.770 | lr 8.27e-05 | grad_norm 1.34 | 380 tok/s | sup 12785 tok/step | ema_loss 0.9387 | ema_ppl 2.8 | ema_acc 0.805 | ema_grad 1.75
  skipped micro-step: loss 8.32 (per-token threshold 5.0)
  skipped micro-step: loss 8.45 (per-token threshold 5.0)
  skipped micro-step: loss 8.74 (per-token threshold 5.0)
  skipped micro-step: loss 9.33 (per-token threshold 5.0)
  window(n=10): sup 9536 +/- 3322 [5414..14213] tok/step | loss 1.111 +/- 0.118 | skipped 4
step 216690 | loss 1.0682 | ppl 2.9 | acc 0.774 | lr 8.27e-05 | grad_norm 1.41 | 247 tok/s | sup 13445 tok/step | ema_loss 0.9553 | ema_ppl 2.8 | ema_acc 0.801 | ema_grad 1.68
  window(n=10): sup 18280 +/- 4996 [12968..24472] tok/step | loss 1.071 +/- 0.202 | skipped 0
step 216700 | loss 0.9904 | ppl 2.7 | acc 0.783 | lr 8.27e-05 | grad_norm 1.77 | 498 tok/s | sup 14797 tok/step | ema_loss 0.9660 | ema_ppl 2.8 | ema_acc 0.798 | ema_grad 1.73
  skipped micro-step: loss 8.90 (per-token threshold 5.0)
  skipped micro-step: loss 8.95 (per-token threshold 5.0)
  skipped micro-step: loss 7.96 (per-token threshold 5.0)
  skipped micro-step: loss 8.39 (per-token threshold 5.0)
  skipped micro-step: loss 8.60 (per-token threshold 5.0)
  window(n=10): sup 12972 +/- 7300 [5770..30656] tok/step | loss 1.209 +/- 0.215 | skipped 5
step 216710 | loss 1.2621 | ppl 3.5 | acc 0.746 | lr 8.27e-05 | grad_norm 2.88 | 1016 tok/s | sup 21978 tok/step | ema_loss 0.9897 | ema_ppl 2.9 | ema_acc 0.793 | ema_grad 1.69
  skipped micro-step: loss 9.12 (per-token threshold 5.0)
  skipped micro-step: loss 9.42 (per-token threshold 5.0)
  skipped micro-step: loss 8.88 (per-token threshold 5.0)
  window(n=10): sup 15614 +/- 4192 [10347..26107] tok/step | loss 1.349 +/- 0.290 | skipped 3
step 216720 | loss 1.4911 | ppl 4.4 | acc 0.706 | lr 8.27e-05 | grad_norm 1.15 | 1413 tok/s | sup 10347 tok/step | ema_loss 1.0244 | ema_ppl 3.0 | ema_acc 0.787 | ema_grad 1.70
  skipped micro-step: loss 9.66 (per-token threshold 5.0)
  window(n=10): sup 13010 +/- 7371 [5327..31218] tok/step | loss 1.177 +/- 0.405 | skipped 1
step 216730 | loss 0.8636 | ppl 2.4 | acc 0.826 | lr 8.27e-05 | grad_norm 2.27 | 524 tok/s | sup 15669 tok/step | ema_loss 1.0382 | ema_ppl 3.1 | ema_acc 0.785 | ema_grad 1.69
  skipped micro-step: loss 8.40 (per-token threshold 5.0)
  skipped micro-step: loss 8.85 (per-token threshold 5.0)
  window(n=10): sup 13158 +/- 4421 [4596..21621] tok/step | loss 1.024 +/- 0.157 | skipped 2
step 216740 | loss 1.1075 | ppl 3.0 | acc 0.761 | lr 8.27e-05 | grad_norm 0.97 | 1369 tok/s | sup 8803 tok/step | ema_loss 1.0371 | ema_ppl 3.0 | ema_acc 0.785 | ema_grad 1.65
  skipped micro-step: loss 8.50 (per-token threshold 5.0)
  skipped micro-step: loss 7.62 (per-token threshold 5.0)
  window(n=10): sup 12581 +/- 5618 [4054..23353] tok/step | loss 1.368 +/- 0.495 | skipped 2
step 216750 | loss 2.6001 | ppl 13.5 | acc 0.554 | lr 8.27e-05 | grad_norm 3.05 | 880 tok/s | sup 12684 tok/step | ema_loss 1.0692 | ema_ppl 3.2 | ema_acc 0.778 | ema_grad 1.65
saved checkpoint: ./checkpoints/step_big_fim_216750.pt (model only)
===== step 216750 | FIM checkpoint sample =====
-- context --
(none)
-- <fim_prefix> --
[...] on_BeaconOutOfReachRequestTO *)request
{
    [[MCTComponentFramework commQueue] addOperationWithBlock:^{
        NSMutableDictionary *dict = [NSMutableDictionary dictionary];

        [dict setDict:[request dictRepresentation] forKey:@"request"];

        [[MCTComponentFramework protocol] callToServerWithFunction:@"com.mobicag
e.api.location.beaconOutOfReach" andArguments:dict andResponseHandler:responseHa
ndler];
    }];
}


+ (void)CS_API_getBeaconRegionsWithResponseHandler:(MCTAbstractResponseHandler *
)responseHandler andRequest:(MCT_com_mobicage_to_beacon_GetBeaconRegionsRequestT
O *)request

-- <fim_suffix> --
<lang>objective-c</lang>   }];
}


+ (void)CS_API_getFriendLocationsWithResponseHandler:(MCTAbstractResponseHandler
 *)responseHandler andRequest:(MCT_com_mobicage_to_location_GetFriendsLocationRe
questTO *)request
{
    [[MCTComponentFramework commQueue] addOperationWithBlock:^{
        NSMutableDictionary *dict = [NSMutableDictionary dictionary];

        [dict setDict:[request dictRepresentation] forKey:@"request"];

        [[MCTComponentFramework protocol] callToServerWithFunction:@"com.mobicag
e.api.location.getFriendLocations" andArguments:dict andResponseHandler:response
Handler];
    }];
 [...]
-- <fim_middle> | model output --
{
    [[MCTComponentFramework commQueue] addOperationWithBlock:^{
        NSMutableDictionary *dict = [NSMutableDictionary dictionary];

        [dict setDict:[request dictRepresentation] forKey:@"request"];

        [[MCTComponentFramework protocol] callToServerWithFunction:@"com.mobicag
e.api.messaging.submitLifecycle" andArguments:dict andResponseHandler:responseHa
ndler];
    }];
}


+ (void)CS_API_getAttachedPlanWithResponseHandler:(MCTAbstractResponseHandler
-- final code (prefix + generated + suffix) --
[...]
entation] forKey:@"request"];

        [[MCTComponentFramework protocol] callToServerWithFunction:@"com.mobicag
e.api.location.beaconDiscovered" andArguments:dict andResponseHandler:responseHa
ndler];
    }];
}


+ (void)CS_API_beaconInReachWithResponseHandler:(MCTAbstractResponseHandler *)re
sponseHandler andRequest:(MCT_com_mobicage_to_location_BeaconInReachRequestTO *)
request
{
    [[MCTComponentFramework commQueue] addOperationWithBlock:^{
        NSMutableDictionary *dict = [NSMutableDictionary dictionary];

        [dict setDict:[request dictRepresentation] forKey:@"request"];

        [[MCTComponentFramework protocol] callToServerWithFunction:@"com.mobicag
e.api.location.beaconInReach" andArguments:dict andResponseHandler:responseHandl
er];
    }];
}


+ (void)CS_API_beaconOutOfReachWithResponseHandler:(MCTAbstractResponseHandler *
)responseHandler andRequest:(MCT_com_mobicage_to_location_BeaconOutOfReachReques
tTO *)request
{
    [[MCTComponentFramework commQueue] addOperationWithBlock:^{
        NSMutableDictionary *dict = [NSMutableDictionary dictionary];

        [dict setDict:[request dictRepresentation] forKey:@"request"];

        [[MCTComponentFramework protocol] callToServerWithFunction:@"com.mobicag
e.api.location.beaconOutOfReach" andArguments:dict andResponseHandler:responseHa
ndler];
    }];
}


+ (void)CS_API_getBeaconRegionsWithResponseHandler:(MCTAbstractResponseHandler *
)responseHandler andRequest:(MCT_com_mobicage_to_beacon_GetBeaconRegionsRequestT
O *)request
{
    [[MCTComponentFramework commQueue] addOperationWithBlock:^{
        NSMutableDictionary *dict = [NSMutableDictionary dictionary];

        [dict setDict:[request dictRepresentation] forKey:@"request"];

        [[MCTComponentFramework protocol] callToServerWithFunction:@"com.mobicag
e.api.messaging.submitLifecycle" andArguments:dict andResponseHandler:responseHa
ndler];
    }];
}


+ (void)CS_API_getAttachedPlanWithResponseHandler:(MCTAbstractResponseHandler<la
ng>objective-c</lang>   }];
}


+ (void)CS_API_getFriendLocationsWithResponseHandler:(MCTAbstractResponseHandler
 *)responseHandler andRequest:(MCT_com_mobicage_to_location_GetFriendsLocationRe
questTO *)request
{
    [[MCTComponentFramework commQueue] addOperationWithBlock:^{
        NSMutableDictionary *dict = [NSMutableDictionary dictionary];

        [dict setDict:[request dictRepresentation] forKey:@"request"];

        [[MCTComponentFramework protocol] callToServerWithFunction:@"com.mobicag
e.api.location.getFriendLocations" andArguments:dict andResponseHandler:response
Handler];
    }];
}

@end

////////////////////////////////////////////////////////////////////////////////
///

@implementation MCT_com_mobicage_api_messaging


+ (void)CS_API_ackMessageWithResponseHandler:(MCTAbstractResponseHandler *)respo
nseHandler andRequest:(MCT_com_mobicage_to_messaging_AckMessageRequestTO *)reque
st
{
    [[MCTComponentFramework commQueue] addOperationWithBlock:^{
        NSMutableDictionary *dict = [NSMutableDictionary dictionary];

        [dict setDict:[request dictRepresentation] forKey:@"request"];

        [[MCTComponentFramework protocol] callToServerWithFunction:@"com.mobicag
e.api.messaging.ackMessage" andArguments:dict andResponseHandler:responseHandler
];
    }];
}


+ (void)CS_API_deleteConversationWithResponseHandler:(MCTAbstractResponseHandler
 *)responseHandler andRequest:(MCT_com_mobicage_to_messaging_DeleteConversationR
equestTO *)request
{
    [[MCTComponentFramework c
[...]
============================================================================

removed old checkpoint: step_big_fim_216625.pt
  eval @ step 216750: loss 1.2713 | ppl 3.6
  fim eval @ step 216750: loss 1.1772 | ppl 3.2
  fim gen eval @ step 216750: top1_tf 0.273 | prefix_acc 0.153 | exact@32 0.06 | first-line 0.22 | edit-sim 0.300
  skipped micro-step: loss 8.04 (per-token threshold 5.0)
  skipped micro-step: loss 8.65 (per-token threshold 5.0)
  window(n=10): sup 15855 +/- 4385 [9272..23936] tok/step | loss 1.029 +/- 0.246 | skipped 2
step 216760 | loss 1.0453 | ppl 2.8 | acc 0.767 | lr 8.27e-05 | grad_norm 0.95 | 1440 tok/s | sup 9272 tok/step | ema_loss 1.0656 | ema_ppl 3.2 | ema_acc 0.779 | ema_grad 1.63
  skipped micro-step: loss 8.35 (per-token threshold 5.0)
  skipped micro-step: loss 8.62 (per-token threshold 5.0)
  skipped micro-step: loss 8.18 (per-token threshold 5.0)
  window(n=10): sup 13251 +/- 6928 [6588..26670] tok/step | loss 1.265 +/- 0.235 | skipped 3
step 216770 | loss 1.2033 | ppl 3.3 | acc 0.743 | lr 8.27e-05 | grad_norm 1.99 | 890 tok/s | sup 26670 tok/step | ema_loss 1.0844 | ema_ppl 3.2 | ema_acc 0.774 | ema_grad 1.69
  skipped micro-step: loss 9.61 (per-token threshold 5.0)
  skipped micro-step: loss 8.48 (per-token threshold 5.0)
  window(n=10): sup 20707 +/- 5281 [12498..29324] tok/step | loss 1.240 +/- 0.328 | skipped 2
step 216780 | loss 0.8244 | ppl 2.3 | acc 0.824 | lr 8.27e-05 | grad_norm 1.59 | 667 tok/s | sup 19787 tok/step | ema_loss 1.0985 | ema_ppl 3.2 | ema_acc 0.773 | ema_grad 1.74
  skipped micro-step: loss 8.59 (per-token threshold 5.0)
  window(n=10): sup 18314 +/- 6629 [12139..36607] tok/step | loss 1.284 +/- 0.301 | skipped 1
step 216790 | loss 1.2416 | ppl 3.5 | acc 0.738 | lr 8.27e-05 | grad_norm 3.31 | 814 tok/s | sup 36607 tok/step | ema_loss 1.1164 | ema_ppl 3.3 | ema_acc 0.769 | ema_grad 1.78
  skipped micro-step: loss 8.75 (per-token threshold 5.0)
  window(n=10): sup 15442 +/- 6982 [7755..27699] tok/step | loss 1.215 +/- 0.253 | skipped 1
step 216800 | loss 1.3892 | ppl 4.0 | acc 0.662 | lr 8.27e-05 | grad_norm 13.38 | 658 tok/s | sup 22592 tok/step | ema_loss 1.1255 | ema_ppl 3.3 | ema_acc 0.766 | ema_grad 1.87
  skipped micro-step: loss 7.63 (per-token threshold 5.0)
  skipped micro-step: loss 8.61 (per-token threshold 5.0)
  window(n=10): sup 13949 +/- 5099 [7795..23229] tok/step | loss 1.231 +/- 0.258 | skipped 2
step 216810 | loss 1.3629 | ppl 3.9 | acc 0.718 | lr 8.27e-05 | grad_norm 0.92 | 1135 tok/s | sup 7795 tok/step | ema_loss 1.1354 | ema_ppl 3.3 | ema_acc 0.763 | ema_grad 1.98
  skipped micro-step: loss 8.52 (per-token threshold 5.0)
  skipped micro-step: loss 8.08 (per-token threshold 5.0)
  skipped micro-step: loss 8.36 (per-token threshold 5.0)
  window(n=10): sup 14432 +/- 6184 [5203..24851] tok/step | loss 1.101 +/- 0.149 | skipped 3
step 216820 | loss 0.8353 | ppl 2.3 | acc 0.808 | lr 8.27e-05 | grad_norm 1.51 | 431 tok/s | sup 24851 tok/step | ema_loss 1.1318 | ema_ppl 3.3 | ema_acc 0.763 | ema_grad 1.92
  skipped micro-step: loss 7.70 (per-token threshold 5.0)
  skipped micro-step: loss 8.54 (per-token threshold 5.0)
  skipped micro-step: loss 8.19 (per-token threshold 5.0)
  skipped micro-step: loss 8.98 (per-token threshold 5.0)
  skipped micro-step: loss 7.78 (per-token threshold 5.0)
  window(n=10): sup 10337 +/- 4118 [4938..17580] tok/step | loss 1.131 +/- 0.230 | skipped 5
step 216830 | loss 1.4326 | ppl 4.2 | acc 0.706 | lr 8.27e-05 | grad_norm 0.89 | 1281 tok/s | sup 6493 tok/step | ema_loss 1.1323 | ema_ppl 3.3 | ema_acc 0.763 | ema_grad 1.85
  window(n=10): sup 15268 +/- 3636 [8962..21353] tok/step | loss 1.102 +/- 0.246 | skipped 0
step 216840 | loss 0.9404 | ppl 2.6 | acc 0.805 | lr 8.27e-05 | grad_norm 1.34 | 400 tok/s | sup 17468 tok/step | ema_loss 1.1293 | ema_ppl 3.3 | ema_acc 0.765 | ema_grad 1.83
  skipped micro-step: loss 8.12 (per-token threshold 5.0)
  window(n=10): sup 14865 +/- 6270 [7727..29173] tok/step | loss 0.921 +/- 0.413 | skipped 1
step 216850 | loss 1.1086 | ppl 3.0 | acc 0.770 | lr 8.27e-05 | grad_norm 1.01 | 1478 tok/s | sup 10977 tok/step | ema_loss 1.1099 | ema_ppl 3.2 | ema_acc 0.769 | ema_grad 1.79
  skipped micro-step: loss 8.62 (per-token threshold 5.0)
  skipped micro-step: loss 8.96 (per-token threshold 5.0)
  window(n=10): sup 16263 +/- 6822 [4289..28128] tok/step | loss 1.133 +/- 0.241 | skipped 2
step 216860 | loss 1.3017 | ppl 3.7 | acc 0.643 | lr 8.27e-05 | grad_norm 2.83 | 452 tok/s | sup 13809 tok/step | ema_loss 1.1122 | ema_ppl 3.2 | ema_acc 0.766 | ema_grad 1.84
  window(n=10): sup 17905 +/- 2895 [12067..22309] tok/step | loss 1.074 +/- 0.365 | skipped 0
step 216870 | loss 1.2895 | ppl 3.6 | acc 0.643 | lr 8.27e-05 | grad_norm 2.88 | 1270 tok/s | sup 19473 tok/step | ema_loss 1.1085 | ema_ppl 3.2 | ema_acc 0.763 | ema_grad 1.86
  skipped micro-step: loss 8.40 (per-token threshold 5.0)
saved checkpoint: ./checkpoints/step_big_fim_216875.pt (model only)
===== step 216875 | FIM checkpoint sample =====
-- context --
(none)
-- <fim_prefix> --
<lang>python</lang>"""
Given the root of a binary tree,
return all root-to-leaf paths in any order.
A leaf is a node with no children.

Input: root = [1,2,3,null,5]
Output: ["1->2->5","1->3"]
"""

# Definition for a binary tree node.
from typing import List, Optional
class TreeNode:
    def __init__(self, val=0, left=None, right=None):
        self.val = val
        self.left = left
        self.right = right
class Solution:
    def binaryTreePaths(self, root: Optional[TreeNode]) ->List[str]:
        path = []

-- <fim_suffix> --
<lang>python</lang>       if not cur.left and not cur.right:
            sPath = '->'.join(map(str,path))
            result.append(sPath)

        #left
        if cur.left:
            self.traversal(cur.left, path, result)
            path.pop()

        #right
        if cur.right:
            self.traversal(cur.right, path, result)
            path.pop()



-- <fim_middle> | model output --
       if root is None:
            return []
        path = path.split('/')

        #left
        node = TreeNode(root)
        if node is None:
            return None

        #right
        cur = root.val  # We are to traverse the tree node

        #left
        while node is None:
            cur = node.left
        #right

-- final code (prefix + generated + suffix) --
<lang>python</lang>"""
Given the root of a binary tree,
return all root-to-leaf paths in any order.
A leaf is a node with no children.

Input: root = [1,2,3,null,5]
Output: ["1->2->5","1->3"]
"""

# Definition for a binary tree node.
from typing import List, Optional
class TreeNode:
    def __init__(self, val=0, left=None, right=None):
        self.val = val
        self.left = left
        self.right = right
class Solution:
    def binaryTreePaths(self, root: Optional[TreeNode]) ->List[str]:
        path = []
       if root is None:
            return []
        path = path.split('/')

        #left
        node = TreeNode(root)
        if node is None:
            return None

        #right
        cur = root.val  # We are to traverse the tree node

        #left
        while node is None:
            cur = node.left
        #right
<lang>python</lang>       if not cur.left and not cur.right:
            sPath = '->'.join(map(str,path))
            result.append(sPath)

        #left
        if cur.left:
            self.traversal(cur.left, path, result)
            path.pop()

        #right
        if cur.right:
            self.traversal(cur.right, path, result)
            path.pop()



============================================================================

removed old checkpoint: step_big_fim_216750.pt
  eval @ step 216875: loss 1.2711 | ppl 3.6
  fim eval @ step 216875: loss 1.1776 | ppl 3.2
  fim gen eval @ step 216875: top1_tf 0.272 | prefix_acc 0.123 | exact@32 0.03 | first-line 0.22 | edit-sim 0.269
  window(n=10): sup 20194 +/- 4631 [12944..25978] tok/step | loss 0.983 +/- 0.391 | skipped 1
step 216880 | loss 0.4723 | ppl 1.6 | acc 0.896 | lr 8.27e-05 | grad_norm 0.86 | 325 tok/s | sup 14510 tok/step | ema_loss 1.0958 | ema_ppl 3.2 | ema_acc 0.762 | ema_grad 1.94
  window(n=10): sup 22382 +/- 4021 [17294..28219] tok/step | loss 0.717 +/- 0.179 | skipped 0
step 216890 | loss 0.5111 | ppl 1.7 | acc 0.863 | lr 8.27e-05 | grad_norm 1.39 | 939 tok/s | sup 28219 tok/step | ema_loss 1.0594 | ema_ppl 3.1 | ema_acc 0.766 | ema_grad 1.92
  skipped micro-step: loss 6.71 (per-token threshold 5.0)
  skipped micro-step: loss 8.34 (per-token threshold 5.0)
  window(n=10): sup 22856 +/- 5454 [17540..35364] tok/step | loss 0.532 +/- 0.083 | skipped 2
step 216900 | loss 0.6641 | ppl 1.9 | acc 0.812 | lr 8.27e-05 | grad_norm 1.20 | 1177 tok/s | sup 18062 tok/step | ema_loss 1.0090 | ema_ppl 2.9 | ema_acc 0.774 | ema_grad 1.87
  skipped micro-step: loss 7.47 (per-token threshold 5.0)
  skipped micro-step: loss 9.60 (per-token threshold 5.0)
  window(n=10): sup 17710 +/- 5548 [12673..30686] tok/step | loss 0.879 +/- 0.534 | skipped 2
step 216910 | loss 2.2366 | ppl 9.4 | acc 0.583 | lr 8.27e-05 | grad_norm 3.08 | 696 tok/s | sup 13252 tok/step | ema_loss 0.9977 | ema_ppl 2.9 | ema_acc 0.778 | ema_grad 1.84
  window(n=10): sup 19678 +/- 7658 [12294..36326] tok/step | loss 0.988 +/- 0.450 | skipped 0
step 216920 | loss 0.7504 | ppl 2.1 | acc 0.794 | lr 8.27e-05 | grad_norm 1.73 | 1187 tok/s | sup 36326 tok/step | ema_loss 0.9959 | ema_ppl 3.0 | ema_acc 0.778 | ema_grad 1.84
  skipped micro-step: loss 7.94 (per-token threshold 5.0)
  window(n=10): sup 11351 +/- 4314 [6682..18669] tok/step | loss 1.059 +/- 0.226 | skipped 1
step 216930 | loss 1.2371 | ppl 3.4 | acc 0.745 | lr 8.27e-05 | grad_norm 0.92 | 1258 tok/s | sup 7902 tok/step | ema_loss 1.0024 | ema_ppl 3.0 | ema_acc 0.777 | ema_grad 1.77
  window(n=10): sup 19163 +/- 3556 [14500..26580] tok/step | loss 1.183 +/- 0.381 | skipped 0
step 216940 | loss 1.2273 | ppl 3.4 | acc 0.713 | lr 8.27e-05 | grad_norm 2.77 | 472 tok/s | sup 20497 tok/step | ema_loss 1.0190 | ema_ppl 3.0 | ema_acc 0.775 | ema_grad 1.83
  window(n=10): sup 15481 +/- 6027 [6604..31418] tok/step | loss 0.549 +/- 0.221 | skipped 0
step 216950 | loss 1.0853 | ppl 3.0 | acc 0.770 | lr 8.27e-05 | grad_norm 0.96 | 335 tok/s | sup 6604 tok/step | ema_loss 0.9744 | ema_ppl 2.9 | ema_acc 0.784 | ema_grad 1.78
  skipped micro-step: loss 8.42 (per-token threshold 5.0)
  skipped micro-step: loss 8.40 (per-token threshold 5.0)
  window(n=10): sup 15979 +/- 8680 [5990..28443] tok/step | loss 1.144 +/- 0.262 | skipped 2
step 216960 | loss 0.7452 | ppl 2.1 | acc 0.854 | lr 8.27e-05 | grad_norm 1.13 | 912 tok/s | sup 13168 tok/step | ema_loss 0.9901 | ema_ppl 2.9 | ema_acc 0.783 | ema_grad 1.78
  skipped micro-step: loss 8.81 (per-token threshold 5.0)
  skipped micro-step: loss 8.21 (per-token threshold 5.0)
  skipped micro-step: loss 8.02 (per-token threshold 5.0)
  window(n=10): sup 11635 +/- 3717 [5994..15514] tok/step | loss 1.282 +/- 0.152 | skipped 3
step 216970 | loss 1.3036 | ppl 3.7 | acc 0.720 | lr 8.27e-05 | grad_norm 0.77 | 945 tok/s | sup 6193 tok/step | ema_loss 1.0179 | ema_ppl 3.0 | ema_acc 0.779 | ema_grad 1.73
  window(n=10): sup 16381 +/- 5593 [7824..26196] tok/step | loss 1.138 +/- 0.384 | skipped 0
step 216980 | loss 1.7641 | ppl 5.8 | acc 0.715 | lr 8.27e-05 | grad_norm 3.27 | 1017 tok/s | sup 15567 tok/step | ema_loss 1.0292 | ema_ppl 3.0 | ema_acc 0.778 | ema_grad 1.75
  skipped micro-step: loss 9.29 (per-token threshold 5.0)
  window(n=10): sup 15618 +/- 8436 [6432..32353] tok/step | loss 1.360 +/- 0.374 | skipped 1
step 216990 | loss 1.1818 | ppl 3.3 | acc 0.740 | lr 8.27e-05 | grad_norm 1.02 | 1199 tok/s | sup 10029 tok/step | ema_loss 1.0609 | ema_ppl 3.1 | ema_acc 0.774 | ema_grad 1.76
  skipped micro-step: loss 8.56 (per-token threshold 5.0)
  window(n=10): sup 16103 +/- 5458 [7583..27247] tok/step | loss 1.067 +/- 0.250 | skipped 1
step 217000 | loss 1.1534 | ppl 3.2 | acc 0.771 | lr 8.27e-05 | grad_norm 2.19 | 617 tok/s | sup 18482 tok/step | ema_loss 1.0613 | ema_ppl 3.1 | ema_acc 0.774 | ema_grad 1.75
saved checkpoint: ./checkpoints/step_big_fim_217000.pt
===== step 217000 | FIM checkpoint sample =====
-- context --
(none)
-- <fim_prefix> --
<lang>objective-c</lang>//
//  RemViewController.h
//  MyProto
//
//  Created by Rahul on 17/11/09.
//  Copyright 2009 __MyCompanyName__. All rights reserved.
//

#import <UIKit/UIKit.h>


@interface RemViewController : UIViewController {
	IBOutlet UIWebView *webView;
	NSString *remedyName;

-- <fim_suffix> --
<lang>objective-c</lang>-(BOOL)copyhtmlFromResourceToDocumentsDirectory;
- (void)appendStringToHTML:(NSString *)remData forTag:(NSString *)tagName;
- (void)setHighLighting;
@property (nonatomic, retain) IBOutlet UIWebView *webView;
@end

-- <fim_middle> | model output --
	NSString *htName;
	NSString *avatarName;
	NSString *url;
	NSString *passwordName;
	String noteName;
}

- (void)prepareForSegue:(UIStoryboardSegue *)segue sender:(id)sender;

-- final code (prefix + generated + suffix) --
<lang>objective-c</lang>//
//  RemViewController.h
//  MyProto
//
//  Created by Rahul on 17/11/09.
//  Copyright 2009 __MyCompanyName__. All rights reserved.
//

#import <UIKit/UIKit.h>


@interface RemViewController : UIViewController {
	IBOutlet UIWebView *webView;
	NSString *remedyName;
	NSString *htName;
	NSString *avatarName;
	NSString *url;
	NSString *passwordName;
	String noteName;
}

- (void)prepareForSegue:(UIStoryboardSegue *)segue sender:(id)sender;
<lang>objective-c</lang>-(BOOL)copyhtmlFromResourceToDocumentsDirectory;
- (void)appendStringToHTML:(NSString *)remData forTag:(NSString *)tagName;
- (void)setHighLighting;
@property (nonatomic, retain) IBOutlet UIWebView *webView;
@end

============================================================================

removed old checkpoint: step_big_fim_216875.pt
  eval @ step 217000: loss 1.2711 | ppl 3.6
  fim eval @ step 217000: loss 1.1774 | ppl 3.2
  fim gen eval @ step 217000: top1_tf 0.273 | prefix_acc 0.152 | exact@32 0.06 | first-line 0.22 | edit-sim 0.300
  skipped micro-step: loss 8.30 (per-token threshold 5.0)
  skipped micro-step: loss 8.52 (per-token threshold 5.0)
  skipped micro-step: loss 7.89 (per-token threshold 5.0)
  skipped micro-step: loss 8.60 (per-token threshold 5.0)
  skipped micro-step: loss 8.45 (per-token threshold 5.0)
  skipped micro-step: loss 8.91 (per-token threshold 5.0)
  window(n=10): sup 11252 +/- 4648 [5501..18342] tok/step | loss 1.238 +/- 0.243 | skipped 6
step 217010 | loss 1.0121 | ppl 2.8 | acc 0.779 | lr 8.27e-05 | grad_norm 0.76 | 914 tok/s | sup 5501 tok/step | ema_loss 1.0782 | ema_ppl 3.2 | ema_acc 0.771 | ema_grad 1.70
  skipped micro-step: loss 9.00 (per-token threshold 5.0)
  skipped micro-step: loss 7.80 (per-token threshold 5.0)
  window(n=10): sup 18569 +/- 4979 [12226..29784] tok/step | loss 0.928 +/- 0.342 | skipped 2
step 217020 | loss 0.9784 | ppl 2.7 | acc 0.737 | lr 8.27e-05 | grad_norm 1.48 | 1194 tok/s | sup 18622 tok/step | ema_loss 1.0638 | ema_ppl 3.1 | ema_acc 0.774 | ema_grad 1.69
  skipped micro-step: loss 7.76 (per-token threshold 5.0)
  skipped micro-step: loss 8.93 (per-token threshold 5.0)
  skipped micro-step: loss 7.82 (per-token threshold 5.0)
  window(n=10): sup 18043 +/- 4255 [12486..24320] tok/step | loss 0.960 +/- 0.526 | skipped 3
step 217030 | loss 0.9083 | ppl 2.5 | acc 0.775 | lr 8.27e-05 | grad_norm 1.32 | 473 tok/s | sup 14182 tok/step | ema_loss 1.0536 | ema_ppl 3.1 | ema_acc 0.775 | ema_grad 1.71
  skipped micro-step: loss 7.59 (per-token threshold 5.0)
  skipped micro-step: loss 7.34 (per-token threshold 5.0)
  window(n=10): sup 16714 +/- 3295 [10571..20921] tok/step | loss 0.748 +/- 0.189 | skipped 2
step 217040 | loss 0.5443 | ppl 1.7 | acc 0.854 | lr 8.27e-05 | grad_norm 1.32 | 554 tok/s | sup 18240 tok/step | ema_loss 1.0245 | ema_ppl 3.0 | ema_acc 0.779 | ema_grad 1.69
  skipped micro-step: loss 8.69 (per-token threshold 5.0)
  skipped micro-step: loss 10.09 (per-token threshold 5.0)
  window(n=10): sup 16697 +/- 3594 [12156..23032] tok/step | loss 0.816 +/- 0.253 | skipped 2
step 217050 | loss 0.7718 | ppl 2.2 | acc 0.811 | lr 8.27e-05 | grad_norm 1.70 | 433 tok/s | sup 20803 tok/step | ema_loss 1.0049 | ema_ppl 3.0 | ema_acc 0.783 | ema_grad 1.67
  skipped micro-step: loss 8.09 (per-token threshold 5.0)
  window(n=10): sup 17635 +/- 4729 [12394..28789] tok/step | loss 0.878 +/- 0.384 | skipped 1
step 217060 | loss 0.7482 | ppl 2.1 | acc 0.833 | lr 8.27e-05 | grad_norm 1.65 | 620 tok/s | sup 19134 tok/step | ema_loss 0.9922 | ema_ppl 2.9 | ema_acc 0.786 | ema_grad 1.64
  window(n=10): sup 17382 +/- 4810 [12351..28557] tok/step | loss 0.562 +/- 0.094 | skipped 0
step 217070 | loss 0.4718 | ppl 1.6 | acc 0.871 | lr 8.27e-05 | grad_norm 0.87 | 351 tok/s | sup 20620 tok/step | ema_loss 0.9511 | ema_ppl 2.8 | ema_acc 0.793 | ema_grad 1.59
  skipped micro-step: loss 8.84 (per-token threshold 5.0)
  skipped micro-step: loss 8.94 (per-token threshold 5.0)
  window(n=10): sup 17881 +/- 5327 [12022..28486] tok/step | loss 0.836 +/- 0.255 | skipped 2
step 217080 | loss 0.9465 | ppl 2.6 | acc 0.793 | lr 8.27e-05 | grad_norm 1.91 | 970 tok/s | sup 28486 tok/step | ema_loss 0.9405 | ema_ppl 2.8 | ema_acc 0.795 | ema_grad 1.56
  window(n=10): sup 15124 +/- 2558 [12318..20277] tok/step | loss 0.958 +/- 0.425 | skipped 0
step 217090 | loss 0.6328 | ppl 1.9 | acc 0.854 | lr 8.27e-05 | grad_norm 1.39 | 1377 tok/s | sup 20277 tok/step | ema_loss 0.9416 | ema_ppl 2.8 | ema_acc 0.795 | ema_grad 1.55
  skipped micro-step: loss 9.03 (per-token threshold 5.0)
  window(n=10): sup 21547 +/- 4482 [18033..30243] tok/step | loss 0.691 +/- 0.382 | skipped 1
step 217100 | loss 0.4744 | ppl 1.6 | acc 0.875 | lr 8.27e-05 | grad_norm 1.45 | 1770 tok/s | sup 26108 tok/step | ema_loss 0.9171 | ema_ppl 2.7 | ema_acc 0.799 | ema_grad 1.55
  window(n=10): sup 21257 +/- 5993 [17228..36921] tok/step | loss 0.342 +/- 0.059 | skipped 0
step 217110 | loss 0.3354 | ppl 1.4 | acc 0.896 | lr 8.27e-05 | grad_norm 1.09 | 1681 tok/s | sup 24831 tok/step | ema_loss 0.8622 | ema_ppl 2.6 | ema_acc 0.809 | ema_grad 1.50
  window(n=10): sup 22465 +/- 3371 [18172..26463] tok/step | loss 0.323 +/- 0.029 | skipped 0
step 217120 | loss 0.2787 | ppl 1.3 | acc 0.922 | lr 8.27e-05 | grad_norm 0.67 | 1286 tok/s | sup 19714 tok/step | ema_loss 0.8106 | ema_ppl 2.5 | ema_acc 0.818 | ema_grad 1.44
saved checkpoint: ./checkpoints/step_big_fim_217125.pt (model only)
===== step 217125 | FIM checkpoint sample =====
-- context --
(none)
-- <fim_prefix> --
<lang>c#</lang>public static DataView GetAllCountries()
        {
            DataTable dt = new DataTable();

            SqlConnection connection = new SqlConnection(clsConnectionString.Con
nectionString);
            string query = "select * from Countries";

-- <fim_suffix> --
<lang>c#</lang>               if (reader.HasRows)
                {
                    dt.Load(reader);
                }
                reader.Close();
            }
            catch (Exception ex)
            {
                Console.WriteLine(ex.Message);
            }
            finally
            {
                connection.Close();
            }
            DataView dv = new DataView(dt);
            return dv;
        }
-- <fim_middle> | model output --
           connection.Open();
            try
            {
                using (SqlCommand cmd = new SqlCommand(query, connection))
                {
                    cmd.Parameters.Add("count", countries);

-- final code (prefix + generated + suffix) --
<lang>c#</lang>public static DataView GetAllCountries()
        {
            DataTable dt = new DataTable();

            SqlConnection connection = new SqlConnection(clsConnectionString.Con
nectionString);
            string query = "select * from Countries";
           connection.Open();
            try
            {
                using (SqlCommand cmd = new SqlCommand(query, connection))
                {
                    cmd.Parameters.Add("count", countries);
<lang>c#</lang>               if (reader.HasRows)
                {
                    dt.Load(reader);
                }
                reader.Close();
            }
            catch (Exception ex)
            {
                Console.WriteLine(ex.Message);
            }
            finally
            {
                connection.Close();
            }
            DataView dv = new DataView(dt);
            return dv;
        }
============================================================================

removed old checkpoint: step_big_fim_217000.pt
  eval @ step 217125: loss 1.2710 | ppl 3.6
  fim eval @ step 217125: loss 1.1768 | ppl 3.2
  fim gen eval @ step 217125: top1_tf 0.273 | prefix_acc 0.124 | exact@32 0.03 | first-line 0.22 | edit-sim 0.271
  skipped micro-step: loss 8.51 (per-token threshold 5.0)
  window(n=10): sup 20900 +/- 3744 [17152..25327] tok/step | loss 0.322 +/- 0.083 | skipped 1
step 217130 | loss 0.4619 | ppl 1.6 | acc 0.897 | lr 8.27e-05 | grad_norm 0.80 | 1173 tok/s | sup 17615 tok/step | ema_loss 0.7640 | ema_ppl 2.4 | ema_acc 0.827 | ema_grad 1.39
  skipped micro-step: loss 8.41 (per-token threshold 5.0)
  window(n=10): sup 18833 +/- 9057 [6598..36568] tok/step | loss 0.546 +/- 0.407 | skipped 1
step 217140 | loss 1.0093 | ppl 2.7 | acc 0.775 | lr 8.27e-05 | grad_norm 0.81 | 1234 tok/s | sup 8056 tok/step | ema_loss 0.7440 | ema_ppl 2.3 | ema_acc 0.830 | ema_grad 1.35
  skipped micro-step: loss 8.64 (per-token threshold 5.0)
  window(n=10): sup 18381 +/- 5720 [12331..26754] tok/step | loss 1.211 +/- 0.353 | skipped 1
step 217150 | loss 0.9566 | ppl 2.6 | acc 0.792 | lr 8.27e-05 | grad_norm 1.20 | 1478 tok/s | sup 14868 tok/step | ema_loss 0.7885 | ema_ppl 2.5 | ema_acc 0.821 | ema_grad 1.41
  window(n=10): sup 10661 +/- 3208 [7744..18387] tok/step | loss 1.189 +/- 0.313 | skipped 0
step 217160 | loss 0.7498 | ppl 2.1 | acc 0.837 | lr 8.27e-05 | grad_norm 1.95 | 896 tok/s | sup 13176 tok/step | ema_loss 0.8264 | ema_ppl 2.5 | ema_acc 0.815 | ema_grad 1.40
  skipped micro-step: loss 9.40 (per-token threshold 5.0)
  window(n=10): sup 13132 +/- 1467 [10517..15947] tok/step | loss 1.152 +/- 0.324 | skipped 1
step 217170 | loss 1.3764 | ppl 4.0 | acc 0.718 | lr 8.27e-05 | grad_norm 1.15 | 1413 tok/s | sup 10517 tok/step | ema_loss 0.8578 | ema_ppl 2.6 | ema_acc 0.810 | ema_grad 1.40
  skipped micro-step: loss 9.26 (per-token threshold 5.0)
  skipped micro-step: loss 8.07 (per-token threshold 5.0)
  window(n=10): sup 13825 +/- 6254 [6720..24845] tok/step | loss 1.177 +/- 0.226 | skipped 2
step 217180 | loss 0.9607 | ppl 2.6 | acc 0.815 | lr 8.27e-05 | grad_norm 2.00 | 845 tok/s | sup 24845 tok/step | ema_loss 0.8879 | ema_ppl 2.7 | ema_acc 0.805 | ema_grad 1.42
  skipped micro-step: loss 7.77 (per-token threshold 5.0)
  skipped micro-step: loss 8.68 (per-token threshold 5.0)
  skipped micro-step: loss 8.29 (per-token threshold 5.0)
  skipped micro-step: loss 8.33 (per-token threshold 5.0)
  skipped micro-step: loss 8.33 (per-token threshold 5.0)
  window(n=10): sup 12176 +/- 5149 [4612..19372] tok/step | loss 1.086 +/- 0.338 | skipped 5
step 217190 | loss 1.3260 | ppl 3.8 | acc 0.730 | lr 8.27e-05 | grad_norm 0.93 | 1002 tok/s | sup 7248 tok/step | ema_loss 0.9072 | ema_ppl 2.7 | ema_acc 0.802 | ema_grad 1.40
  skipped micro-step: loss 8.47 (per-token threshold 5.0)
  window(n=10): sup 17801 +/- 6582 [7816..27647] tok/step | loss 0.951 +/- 0.296 | skipped 1
step 217200 | loss 0.7927 | ppl 2.2 | acc 0.825 | lr 8.27e-05 | grad_norm 1.18 | 458 tok/s | sup 13556 tok/step | ema_loss 0.9110 | ema_ppl 2.7 | ema_acc 0.802 | ema_grad 1.41
  window(n=10): sup 14395 +/- 3971 [8038..23148] tok/step | loss 0.949 +/- 0.256 | skipped 0
step 217210 | loss 1.3663 | ppl 3.9 | acc 0.713 | lr 8.27e-05 | grad_norm 0.98 | 1237 tok/s | sup 8038 tok/step | ema_loss 0.9151 | ema_ppl 2.7 | ema_acc 0.802 | ema_grad 1.39
  skipped micro-step: loss 8.20 (per-token threshold 5.0)
  skipped micro-step: loss 8.35 (per-token threshold 5.0)
  window(n=10): sup 12998 +/- 5020 [7019..24832] tok/step | loss 1.185 +/- 0.192 | skipped 2
step 217220 | loss 1.0909 | ppl 3.0 | acc 0.768 | lr 8.27e-05 | grad_norm 1.38 | 1031 tok/s | sup 12774 tok/step | ema_loss 0.9406 | ema_ppl 2.8 | ema_acc 0.796 | ema_grad 1.39
  skipped micro-step: loss 8.20 (per-token threshold 5.0)
  skipped micro-step: loss 8.13 (per-token threshold 5.0)
  window(n=10): sup 11952 +/- 4821 [5318..21276] tok/step | loss 1.189 +/- 0.156 | skipped 2
step 217230 | loss 0.9876 | ppl 2.7 | acc 0.800 | lr 8.27e-05 | grad_norm 1.52 | 688 tok/s | sup 18720 tok/step | ema_loss 0.9643 | ema_ppl 2.8 | ema_acc 0.792 | ema_grad 1.37
  window(n=10): sup 17391 +/- 4247 [12886..27578] tok/step | loss 1.061 +/- 0.348 | skipped 0
step 217240 | loss 1.7707 | ppl 5.9 | acc 0.667 | lr 8.27e-05 | grad_norm 1.66 | 448 tok/s | sup 13398 tok/step | ema_loss 0.9740 | ema_ppl 2.9 | ema_acc 0.792 | ema_grad 1.43
  window(n=10): sup 17482 +/- 5541 [8200..23663] tok/step | loss 1.232 +/- 0.359 | skipped 0
step 217250 | loss 1.1882 | ppl 3.3 | acc 0.742 | lr 8.26e-05 | grad_norm 0.96 | 1166 tok/s | sup 8200 tok/step | ema_loss 0.9983 | ema_ppl 2.9 | ema_acc 0.790 | ema_grad 1.46
saved checkpoint: ./checkpoints/step_big_fim_217250.pt (model only)
===== step 217250 | FIM checkpoint sample =====
-- context --
(none)
-- <fim_prefix> --
<lang>css</lang>.Hero {
  display: flex;
  height: min(calc(100vh - 72px), 700px);
}

.Hero-img {
  height: 100%;
  width: 100%;
  background-position: center;
  background-repeat: no-repeat;
  background-size: cover;
}

.reverse {
  flex-direction: row-reverse;
}

@media (max-height: 500px) {
  .Hero {
    height: 650px;
  }
}

@media (max-width:
-- <fim_suffix> --
<lang>css</lang>50vh);
  }
}

-- <fim_middle> | model output --
1120px) {
  .Hero {
    height: 700px;
  }
}

@media (max-width: 1000px) {
  .Hero {
    height:
-- final code (prefix + generated + suffix) --
<lang>css</lang>.Hero {
  display: flex;
  height: min(calc(100vh - 72px), 700px);
}

.Hero-img {
  height: 100%;
  width: 100%;
  background-position: center;
  background-repeat: no-repeat;
  background-size: cover;
}

.reverse {
  flex-direction: row-reverse;
}

@media (max-height: 500px) {
  .Hero {
    height: 650px;
  }
}

@media (max-width: 1120px) {
  .Hero {
    height: 700px;
  }
}

@media (max-width: 1000px) {
  .Hero {
    height: <lang>css</lang>50vh);
  }
}

============================================================================

removed old checkpoint: step_big_fim_217125.pt
  eval @ step 217250: loss 1.2709 | ppl 3.6
  fim eval @ step 217250: loss 1.1767 | ppl 3.2
  fim gen eval @ step 217250: top1_tf 0.273 | prefix_acc 0.123 | exact@32 0.03 | first-line 0.22 | edit-sim 0.271
  skipped micro-step: loss 8.27 (per-token threshold 5.0)
  window(n=10): sup 14409 +/- 5677 [7088..23533] tok/step | loss 1.228 +/- 0.214 | skipped 1
step 217260 | loss 0.8120 | ppl 2.3 | acc 0.830 | lr 8.26e-05 | grad_norm 1.49 | 696 tok/s | sup 20655 tok/step | ema_loss 1.0200 | ema_ppl 3.0 | ema_acc 0.785 | ema_grad 1.49
  skipped micro-step: loss 8.27 (per-token threshold 5.0)
  window(n=10): sup 16065 +/- 3229 [12531..20894] tok/step | loss 1.177 +/- 0.236 | skipped 1
step 217270 | loss 0.9947 | ppl 2.7 | acc 0.766 | lr 8.26e-05 | grad_norm 1.16 | 466 tok/s | sup 13851 tok/step | ema_loss 1.0351 | ema_ppl 3.0 | ema_acc 0.782 | ema_grad 1.49
  window(n=10): sup 20704 +/- 6791 [12610..34465] tok/step | loss 1.028 +/- 0.240 | skipped 0
step 217280 | loss 1.1509 | ppl 3.2 | acc 0.765 | lr 8.26e-05 | grad_norm 1.98 | 539 tok/s | sup 15539 tok/step | ema_loss 1.0345 | ema_ppl 3.0 | ema_acc 0.780 | ema_grad 1.54
  window(n=10): sup 18205 +/- 2114 [12686..20566] tok/step | loss 0.700 +/- 0.159 | skipped 0
step 217290 | loss 0.6987 | ppl 2.0 | acc 0.819 | lr 8.26e-05 | grad_norm 0.96 | 279 tok/s | sup 12686 tok/step | ema_loss 1.0025 | ema_ppl 2.9 | ema_acc 0.785 | ema_grad 1.52
  skipped micro-step: loss 7.26 (per-token threshold 5.0)
  window(n=10): sup 17907 +/- 6088 [11339..32651] tok/step | loss 0.712 +/- 0.308 | skipped 1
step 217300 | loss 1.4154 | ppl 4.1 | acc 0.721 | lr 8.26e-05 | grad_norm 3.38 | 1120 tok/s | sup 32651 tok/step | ema_loss 0.9752 | ema_ppl 2.8 | ema_acc 0.790 | ema_grad 1.51
  skipped micro-step: loss 8.95 (per-token threshold 5.0)
  skipped micro-step: loss 7.80 (per-token threshold 5.0)
  skipped micro-step: loss 9.56 (per-token threshold 5.0)
  window(n=10): sup 16629 +/- 5375 [8314..25082] tok/step | loss 1.027 +/- 0.353 | skipped 3
step 217310 | loss 1.0659 | ppl 2.9 | acc 0.763 | lr 8.26e-05 | grad_norm 0.86 | 1229 tok/s | sup 8314 tok/step | ema_loss 0.9799 | ema_ppl 2.9 | ema_acc 0.790 | ema_grad 1.51
  skipped micro-step: loss 8.51 (per-token threshold 5.0)
  skipped micro-step: loss 8.30 (per-token threshold 5.0)
  skipped micro-step: loss 8.13 (per-token threshold 5.0)
  skipped micro-step: loss 8.64 (per-token threshold 5.0)
  window(n=10): sup 11376 +/- 5712 [5501..21039] tok/step | loss 1.170 +/- 0.250 | skipped 4
step 217320 | loss 0.6331 | ppl 1.9 | acc 0.872 | lr 8.26e-05 | grad_norm 1.06 | 442 tok/s | sup 14308 tok/step | ema_loss 0.9976 | ema_ppl 2.9 | ema_acc 0.787 | ema_grad 1.48
  skipped micro-step: loss 7.79 (per-token threshold 5.0)
  window(n=10): sup 17287 +/- 3745 [12006..23536] tok/step | loss 0.879 +/- 0.134 | skipped 1
step 217330 | loss 0.8547 | ppl 2.4 | acc 0.832 | lr 8.26e-05 | grad_norm 2.16 | 1331 tok/s | sup 20049 tok/step | ema_loss 0.9861 | ema_ppl 2.9 | ema_acc 0.791 | ema_grad 1.50
  skipped micro-step: loss 8.26 (per-token threshold 5.0)
  skipped micro-step: loss 8.00 (per-token threshold 5.0)
  skipped micro-step: loss 6.87 (per-token threshold 5.0)
  window(n=10): sup 14194 +/- 5462 [7314..21457] tok/step | loss 0.959 +/- 0.292 | skipped 3
step 217340 | loss 1.1746 | ppl 3.2 | acc 0.759 | lr 8.26e-05 | grad_norm 0.80 | 1216 tok/s | sup 7314 tok/step | ema_loss 0.9841 | ema_ppl 2.8 | ema_acc 0.791 | ema_grad 1.49
  window(n=10): sup 16434 +/- 3404 [13877..25915] tok/step | loss 0.907 +/- 0.236 | skipped 0
step 217350 | loss 0.8576 | ppl 2.4 | acc 0.814 | lr 8.26e-05 | grad_norm 1.23 | 1299 tok/s | sup 18419 tok/step | ema_loss 0.9770 | ema_ppl 2.8 | ema_acc 0.791 | ema_grad 1.55
  skipped micro-step: loss 8.05 (per-token threshold 5.0)
  skipped micro-step: loss 7.58 (per-token threshold 5.0)
  skipped micro-step: loss 8.37 (per-token threshold 5.0)
  window(n=10): sup 11529 +/- 4840 [6860..23116] tok/step | loss 1.198 +/- 0.231 | skipped 3
step 217360 | loss 1.1910 | ppl 3.3 | acc 0.748 | lr 8.26e-05 | grad_norm 2.17 | 543 tok/s | sup 23116 tok/step | ema_loss 0.9985 | ema_ppl 2.9 | ema_acc 0.787 | ema_grad 1.52
  skipped micro-step: loss 9.37 (per-token threshold 5.0)
  skipped micro-step: loss 8.51 (per-token threshold 5.0)
  window(n=10): sup 18483 +/- 6136 [12067..32292] tok/step | loss 0.997 +/- 0.408 | skipped 2
step 217370 | loss 0.8280 | ppl 2.3 | acc 0.817 | lr 8.26e-05 | grad_norm 1.06 | 517 tok/s | sup 12779 tok/step | ema_loss 0.9975 | ema_ppl 2.9 | ema_acc 0.789 | ema_grad 1.53
  skipped micro-step: loss 8.29 (per-token threshold 5.0)
  skipped micro-step: loss 8.15 (per-token threshold 5.0)
  skipped micro-step: loss 8.24 (per-token threshold 5.0)
saved checkpoint: ./checkpoints/step_big_fim_217375.pt (model only)
===== step 217375 | FIM checkpoint sample =====
-- context --
(none)
-- <fim_prefix> --
<lang>c#</lang>﻿using System;
using System.Collections.Generic;
using System.Linq;
using System.Text;
using System.Threading.Tasks;

namespace FinalExam
{
    class Umpire
    {
        public delegate void MessageDelegate(string str);
        public MessageDelegate message;
        public int amountNoHit=0;
        public int amountBallOut=0;
        public int amountHomeRun=0;
        public int amountCatch = 0;
        public int amountSave = 0;

        //揮棒落空
        public void BatterOut()
        {
            message("主審:揮棒落空!");

-- <fim_suffix> --
<lang>c#</lang>
        //接殺or安打
        public void CatchOrNot(bool isCatch)
        {
            if (isCatch)
            {
                message("主審:接殺出局!");
                amountCatch++;
            }
            else
            {
                message("主審:安打!");
                amountSave++;
            }
        }
    }
}

-- <fim_middle> | model output --
           amountSaving++;
            amountBacking++;
            amountCatch--;
            amountSave--;
        }

        //揮棒落字
        public void Catch(string str)
        {
            message("主審:揮棒落字!");
            amountSaving++;
            amountBacking--;
            amountCatch--;
            amountSaving--;
        }

-- final code (prefix + generated + suffix) --
<lang>c#</lang>﻿using System;
using System.Collections.Generic;
using System.Linq;
using System.Text;
using System.Threading.Tasks;

namespace FinalExam
{
    class Umpire
    {
        public delegate void MessageDelegate(string str);
        public MessageDelegate message;
        public int amountNoHit=0;
        public int amountBallOut=0;
        public int amountHomeRun=0;
        public int amountCatch = 0;
        public int amountSave = 0;

        //揮棒落空
        public void BatterOut()
        {
            message("主審:揮棒落空!");
           amountSaving++;
            amountBacking++;
            amountCatch--;
            amountSave--;
        }

        //揮棒落字
        public void Catch(string str)
        {
            message("主審:揮棒落字!");
            amountSaving++;
            amountBacking--;
            amountCatch--;
            amountSaving--;
        }
<lang>c#</lang>
        //接殺or安打
        public void CatchOrNot(bool isCatch)
        {
            if (isCatch)
            {
                message("主審:接殺出局!");
                amountCatch++;
            }
            else
            {
                message("主審:安打!");
                amountSave++;
            }
        }
    }
}

============================================================================

removed old checkpoint: step_big_fim_217250.pt
  eval @ step 217375: loss 1.2708 | ppl 3.6
  fim eval @ step 217375: loss 1.1767 | ppl 3.2
  fim gen eval @ step 217375: top1_tf 0.272 | prefix_acc 0.153 | exact@32 0.06 | first-line 0.22 | edit-sim 0.300
  skipped micro-step: loss 8.75 (per-token threshold 5.0)
  skipped micro-step: loss 9.18 (per-token threshold 5.0)
  window(n=10): sup 12116 +/- 5900 [3908..25598] tok/step | loss 1.277 +/- 0.136 | skipped 5
step 217380 | loss 1.3839 | ppl 4.0 | acc 0.725 | lr 8.26e-05 | grad_norm 1.61 | 649 tok/s | sup 18453 tok/step | ema_loss 1.0241 | ema_ppl 3.0 | ema_acc 0.784 | ema_grad 1.50
  skipped micro-step: loss 7.86 (per-token threshold 5.0)
  skipped micro-step: loss 8.80 (per-token threshold 5.0)
  window(n=10): sup 18116 +/- 3516 [13813..25078] tok/step | loss 1.151 +/- 0.322 | skipped 2
step 217390 | loss 1.2087 | ppl 3.3 | acc 0.758 | lr 8.26e-05 | grad_norm 1.38 | 1367 tok/s | sup 15355 tok/step | ema_loss 1.0362 | ema_ppl 3.0 | ema_acc 0.780 | ema_grad 1.67
  skipped micro-step: loss 8.17 (per-token threshold 5.0)
  skipped micro-step: loss 8.28 (per-token threshold 5.0)
  window(n=10): sup 12027 +/- 5896 [5583..25409] tok/step | loss 1.293 +/- 0.243 | skipped 2
step 217400 | loss 1.5934 | ppl 4.9 | acc 0.720 | lr 8.26e-05 | grad_norm 2.28 | 1537 tok/s | sup 18596 tok/step | ema_loss 1.0613 | ema_ppl 3.1 | ema_acc 0.776 | ema_grad 1.65
  window(n=10): sup 18558 +/- 6139 [12729..29455] tok/step | loss 0.991 +/- 0.212 | skipped 0
step 217410 | loss 1.0580 | ppl 2.9 | acc 0.739 | lr 8.26e-05 | grad_norm 1.48 | 550 tok/s | sup 16326 tok/step | ema_loss 1.0546 | ema_ppl 3.0 | ema_acc 0.775 | ema_grad 1.72
  skipped micro-step: loss 8.36 (per-token threshold 5.0)